2026-05-30 08:14:03 [main] INFO  c.f.gateway.ApiGatewayApplication - Starting ApiGatewayApplication using Java 25.0.2 with PID 23932 (D:\FounderLink\api-gateway\target\classes started by LENOVO in D:\FounderLink\api-gateway)
2026-05-30 08:14:03 [main] DEBUG c.f.gateway.ApiGatewayApplication - Running with Spring Boot v3.2.5, Spring v6.1.6
2026-05-30 08:14:03 [main] INFO  c.f.gateway.ApiGatewayApplication - No active profile set, falling back to 1 default profile: "default"
2026-05-30 08:14:05 [main] INFO  o.s.cloud.context.scope.GenericScope - BeanFactory id=97d182d2-4d91-3910-82bc-067318fdb887
2026-05-30 08:14:05 [main] WARN  o.s.c.s.PostProcessorRegistrationDelegate$BeanPostProcessorChecker - Bean 'org.springframework.cloud.client.loadbalancer.LoadBalancerAutoConfiguration$DeferringLoadBalancerInterceptorConfig' of type [org.springframework.cloud.client.loadbalancer.LoadBalancerAutoConfiguration$DeferringLoadBalancerInterceptorConfig] is not eligible for getting processed by all BeanPostProcessors (for example: not eligible for auto-proxying). The currently created BeanPostProcessor [lbRestClientPostProcessor] is declared through a non-static factory method on that class; consider declaring it as static instead.
2026-05-30 08:14:05 [main] WARN  o.s.c.s.PostProcessorRegistrationDelegate$BeanPostProcessorChecker - Bean 'deferringLoadBalancerInterceptor' of type [org.springframework.cloud.client.loadbalancer.DeferringLoadBalancerInterceptor] is not eligible for getting processed by all BeanPostProcessors (for example: not eligible for auto-proxying). Is this bean getting eagerly injected into a currently created BeanPostProcessor [lbRestClientPostProcessor]? Check the corresponding BeanPostProcessor declaration and its dependencies.
2026-05-30 08:14:05 [main] WARN  o.s.c.s.PostProcessorRegistrationDelegate$BeanPostProcessorChecker - Bean 'org.springframework.cloud.client.loadbalancer.reactive.LoadBalancerBeanPostProcessorAutoConfiguration' of type [org.springframework.cloud.client.loadbalancer.reactive.LoadBalancerBeanPostProcessorAutoConfiguration] is not eligible for getting processed by all BeanPostProcessors (for example: not eligible for auto-proxying). The currently created BeanPostProcessor [loadBalancerWebClientBuilderBeanPostProcessor] is declared through a non-static factory method on that class; consider declaring it as static instead.
2026-05-30 08:14:05 [main] WARN  o.s.c.s.PostProcessorRegistrationDelegate$BeanPostProcessorChecker - Bean 'org.springframework.cloud.client.loadbalancer.reactive.LoadBalancerBeanPostProcessorAutoConfiguration$ReactorDeferringLoadBalancerFilterConfig' of type [org.springframework.cloud.client.loadbalancer.reactive.LoadBalancerBeanPostProcessorAutoConfiguration$ReactorDeferringLoadBalancerFilterConfig] is not eligible for getting processed by all BeanPostProcessors (for example: not eligible for auto-proxying). Is this bean getting eagerly injected into a currently created BeanPostProcessor [loadBalancerWebClientBuilderBeanPostProcessor]? Check the corresponding BeanPostProcessor declaration and its dependencies.
2026-05-30 08:14:05 [main] WARN  o.s.c.s.PostProcessorRegistrationDelegate$BeanPostProcessorChecker - Bean 'reactorDeferringLoadBalancerExchangeFilterFunction' of type [org.springframework.cloud.client.loadbalancer.reactive.DeferringLoadBalancerExchangeFilterFunction] is not eligible for getting processed by all BeanPostProcessors (for example: not eligible for auto-proxying). Is this bean getting eagerly injected into a currently created BeanPostProcessor [loadBalancerWebClientBuilderBeanPostProcessor]? Check the corresponding BeanPostProcessor declaration and its dependencies.
2026-05-30 08:14:06 [main] INFO  o.s.b.a.s.r.ReactiveUserDetailsServiceAutoConfiguration - 

Using generated security password: a988f12b-e261-413c-bf5c-468bce5a4e31

2026-05-30 08:14:07 [main] INFO  o.s.c.g.r.RouteDefinitionRouteLocator - Loaded RoutePredicateFactory [After]
2026-05-30 08:14:07 [main] INFO  o.s.c.g.r.RouteDefinitionRouteLocator - Loaded RoutePredicateFactory [Before]
2026-05-30 08:14:07 [main] INFO  o.s.c.g.r.RouteDefinitionRouteLocator - Loaded RoutePredicateFactory [Between]
2026-05-30 08:14:07 [main] INFO  o.s.c.g.r.RouteDefinitionRouteLocator - Loaded RoutePredicateFactory [Cookie]
2026-05-30 08:14:07 [main] INFO  o.s.c.g.r.RouteDefinitionRouteLocator - Loaded RoutePredicateFactory [Header]
2026-05-30 08:14:07 [main] INFO  o.s.c.g.r.RouteDefinitionRouteLocator - Loaded RoutePredicateFactory [Host]
2026-05-30 08:14:07 [main] INFO  o.s.c.g.r.RouteDefinitionRouteLocator - Loaded RoutePredicateFactory [Method]
2026-05-30 08:14:07 [main] INFO  o.s.c.g.r.RouteDefinitionRouteLocator - Loaded RoutePredicateFactory [Path]
2026-05-30 08:14:07 [main] INFO  o.s.c.g.r.RouteDefinitionRouteLocator - Loaded RoutePredicateFactory [Query]
2026-05-30 08:14:07 [main] INFO  o.s.c.g.r.RouteDefinitionRouteLocator - Loaded RoutePredicateFactory [ReadBody]
2026-05-30 08:14:07 [main] INFO  o.s.c.g.r.RouteDefinitionRouteLocator - Loaded RoutePredicateFactory [RemoteAddr]
2026-05-30 08:14:07 [main] INFO  o.s.c.g.r.RouteDefinitionRouteLocator - Loaded RoutePredicateFactory [XForwardedRemoteAddr]
2026-05-30 08:14:07 [main] INFO  o.s.c.g.r.RouteDefinitionRouteLocator - Loaded RoutePredicateFactory [Weight]
2026-05-30 08:14:07 [main] INFO  o.s.c.g.r.RouteDefinitionRouteLocator - Loaded RoutePredicateFactory [CloudFoundryRouteService]
2026-05-30 08:14:07 [main] INFO  o.s.b.a.e.web.EndpointLinksResolver - Exposing 17 endpoint(s) beneath base path '/actuator'
2026-05-30 08:14:08 [main] INFO  o.s.c.n.e.c.DiscoveryClientOptionalArgsConfiguration - Eureka HTTP Client uses RestTemplate.
2026-05-30 08:14:08 [main] WARN  o.s.c.l.c.LoadBalancerCacheAutoConfiguration$LoadBalancerCaffeineWarnLogger - Spring Cloud LoadBalancer is currently working with the default cache. While this cache implementation is useful for development and tests, it's recommended to use Caffeine cache in production.You can switch to using Caffeine cache, by adding it and org.springframework.cache.caffeine.CaffeineCacheManager to the classpath.
2026-05-30 08:14:08 [main] INFO  o.s.c.n.eureka.InstanceInfoFactory - Setting initial instance status as: STARTING
2026-05-30 08:14:08 [main] INFO  c.netflix.discovery.DiscoveryClient - Initializing Eureka in region us-east-1
2026-05-30 08:14:08 [main] INFO  c.n.d.s.r.aws.ConfigClusterResolver - Resolving eureka endpoints via configuration
2026-05-30 08:14:08 [main] INFO  c.netflix.discovery.DiscoveryClient - Disable delta property : false
2026-05-30 08:14:08 [main] INFO  c.netflix.discovery.DiscoveryClient - Single vip registry refresh property : null
2026-05-30 08:14:08 [main] INFO  c.netflix.discovery.DiscoveryClient - Force full registry fetch : false
2026-05-30 08:14:08 [main] INFO  c.netflix.discovery.DiscoveryClient - Application is null : false
2026-05-30 08:14:08 [main] INFO  c.netflix.discovery.DiscoveryClient - Registered Applications size is zero : true
2026-05-30 08:14:08 [main] INFO  c.netflix.discovery.DiscoveryClient - Application version is -1: true
2026-05-30 08:14:08 [main] INFO  c.netflix.discovery.DiscoveryClient - Getting all instance registry info from the eureka server
2026-05-30 08:14:09 [main] INFO  c.netflix.discovery.DiscoveryClient - The response status is 200
2026-05-30 08:14:09 [main] INFO  c.netflix.discovery.DiscoveryClient - Starting heartbeat executor: renew interval is: 30
2026-05-30 08:14:09 [main] INFO  c.n.discovery.InstanceInfoReplicator - InstanceInfoReplicator onDemand update allowed rate per min is 4
2026-05-30 08:14:09 [main] INFO  c.netflix.discovery.DiscoveryClient - Discovery Client initialized at timestamp 1780109049244 with initial instances count: 0
2026-05-30 08:14:09 [main] INFO  o.s.c.n.e.s.EurekaServiceRegistry - Registering application API-GATEWAY with eureka with status UP
2026-05-30 08:14:09 [main] INFO  c.netflix.discovery.DiscoveryClient - Saw local status change event StatusChangeEvent [timestamp=1780109049248, current=UP, previous=STARTING]
2026-05-30 08:14:09 [DiscoveryClient-InstanceInfoReplicator-0] INFO  c.netflix.discovery.DiscoveryClient - DiscoveryClient_API-GATEWAY/Gujjar.mshome.net:api-gateway:8080: registering service...
2026-05-30 08:14:09 [DiscoveryClient-InstanceInfoReplicator-0] INFO  c.netflix.discovery.DiscoveryClient - DiscoveryClient_API-GATEWAY/Gujjar.mshome.net:api-gateway:8080 - registration status: 204
2026-05-30 08:14:09 [main] INFO  o.s.b.w.e.netty.NettyWebServer - Netty started on port 8080
2026-05-30 08:14:09 [main] INFO  o.s.c.n.e.s.EurekaAutoServiceRegistration - Updating port to 8080
2026-05-30 08:14:09 [main] INFO  c.f.gateway.ApiGatewayApplication - Started ApiGatewayApplication in 6.773 seconds (process running for 7.88)
2026-05-30 08:14:14 [DiscoveryClient-CacheRefreshExecutor-0] INFO  c.netflix.discovery.DiscoveryClient - Disable delta property : false
2026-05-30 08:14:14 [DiscoveryClient-CacheRefreshExecutor-0] INFO  c.netflix.discovery.DiscoveryClient - Single vip registry refresh property : null
2026-05-30 08:14:14 [DiscoveryClient-CacheRefreshExecutor-0] INFO  c.netflix.discovery.DiscoveryClient - Force full registry fetch : false
2026-05-30 08:14:14 [DiscoveryClient-CacheRefreshExecutor-0] INFO  c.netflix.discovery.DiscoveryClient - Application is null : false
2026-05-30 08:14:14 [DiscoveryClient-CacheRefreshExecutor-0] INFO  c.netflix.discovery.DiscoveryClient - Registered Applications size is zero : true
2026-05-30 08:14:14 [DiscoveryClient-CacheRefreshExecutor-0] INFO  c.netflix.discovery.DiscoveryClient - Application version is -1: false
2026-05-30 08:14:14 [DiscoveryClient-CacheRefreshExecutor-0] INFO  c.netflix.discovery.DiscoveryClient - Getting all instance registry info from the eureka server
2026-05-30 08:14:14 [DiscoveryClient-CacheRefreshExecutor-0] INFO  c.netflix.discovery.DiscoveryClient - The response status is 200
2026-05-30 08:14:19 [DiscoveryClient-CacheRefreshExecutor-0] INFO  c.netflix.discovery.DiscoveryClient - Disable delta property : false
2026-05-30 08:14:19 [DiscoveryClient-CacheRefreshExecutor-0] INFO  c.netflix.discovery.DiscoveryClient - Single vip registry refresh property : null
2026-05-30 08:14:19 [DiscoveryClient-CacheRefreshExecutor-0] INFO  c.netflix.discovery.DiscoveryClient - Force full registry fetch : false
2026-05-30 08:14:19 [DiscoveryClient-CacheRefreshExecutor-0] INFO  c.netflix.discovery.DiscoveryClient - Application is null : false
2026-05-30 08:14:19 [DiscoveryClient-CacheRefreshExecutor-0] INFO  c.netflix.discovery.DiscoveryClient - Registered Applications size is zero : true
2026-05-30 08:14:19 [DiscoveryClient-CacheRefreshExecutor-0] INFO  c.netflix.discovery.DiscoveryClient - Application version is -1: false
2026-05-30 08:14:19 [DiscoveryClient-CacheRefreshExecutor-0] INFO  c.netflix.discovery.DiscoveryClient - Getting all instance registry info from the eureka server
2026-05-30 08:14:19 [DiscoveryClient-CacheRefreshExecutor-0] INFO  c.netflix.discovery.DiscoveryClient - The response status is 200
2026-05-30 08:14:24 [DiscoveryClient-CacheRefreshExecutor-0] INFO  c.netflix.discovery.DiscoveryClient - Disable delta property : false
2026-05-30 08:14:24 [DiscoveryClient-CacheRefreshExecutor-0] INFO  c.netflix.discovery.DiscoveryClient - Single vip registry refresh property : null
2026-05-30 08:14:24 [DiscoveryClient-CacheRefreshExecutor-0] INFO  c.netflix.discovery.DiscoveryClient - Force full registry fetch : false
2026-05-30 08:14:24 [DiscoveryClient-CacheRefreshExecutor-0] INFO  c.netflix.discovery.DiscoveryClient - Application is null : false
2026-05-30 08:14:24 [DiscoveryClient-CacheRefreshExecutor-0] INFO  c.netflix.discovery.DiscoveryClient - Registered Applications size is zero : true
2026-05-30 08:14:24 [DiscoveryClient-CacheRefreshExecutor-0] INFO  c.netflix.discovery.DiscoveryClient - Application version is -1: false
2026-05-30 08:14:24 [DiscoveryClient-CacheRefreshExecutor-0] INFO  c.netflix.discovery.DiscoveryClient - Getting all instance registry info from the eureka server
2026-05-30 08:14:24 [DiscoveryClient-CacheRefreshExecutor-0] INFO  c.netflix.discovery.DiscoveryClient - The response status is 200
2026-05-30 08:14:29 [DiscoveryClient-CacheRefreshExecutor-0] INFO  c.netflix.discovery.DiscoveryClient - Disable delta property : false
2026-05-30 08:14:29 [DiscoveryClient-CacheRefreshExecutor-0] INFO  c.netflix.discovery.DiscoveryClient - Single vip registry refresh property : null
2026-05-30 08:14:29 [DiscoveryClient-CacheRefreshExecutor-0] INFO  c.netflix.discovery.DiscoveryClient - Force full registry fetch : false
2026-05-30 08:14:29 [DiscoveryClient-CacheRefreshExecutor-0] INFO  c.netflix.discovery.DiscoveryClient - Application is null : false
2026-05-30 08:14:29 [DiscoveryClient-CacheRefreshExecutor-0] INFO  c.netflix.discovery.DiscoveryClient - Registered Applications size is zero : true
2026-05-30 08:14:29 [DiscoveryClient-CacheRefreshExecutor-0] INFO  c.netflix.discovery.DiscoveryClient - Application version is -1: false
2026-05-30 08:14:29 [DiscoveryClient-CacheRefreshExecutor-0] INFO  c.netflix.discovery.DiscoveryClient - Getting all instance registry info from the eureka server
2026-05-30 08:14:29 [DiscoveryClient-CacheRefreshExecutor-0] INFO  c.netflix.discovery.DiscoveryClient - The response status is 200
2026-05-30 08:14:34 [DiscoveryClient-CacheRefreshExecutor-0] INFO  c.netflix.discovery.DiscoveryClient - Disable delta property : false
2026-05-30 08:14:34 [DiscoveryClient-CacheRefreshExecutor-0] INFO  c.netflix.discovery.DiscoveryClient - Single vip registry refresh property : null
2026-05-30 08:14:34 [DiscoveryClient-CacheRefreshExecutor-0] INFO  c.netflix.discovery.DiscoveryClient - Force full registry fetch : false
2026-05-30 08:14:34 [DiscoveryClient-CacheRefreshExecutor-0] INFO  c.netflix.discovery.DiscoveryClient - Application is null : false
2026-05-30 08:14:34 [DiscoveryClient-CacheRefreshExecutor-0] INFO  c.netflix.discovery.DiscoveryClient - Registered Applications size is zero : true
2026-05-30 08:14:34 [DiscoveryClient-CacheRefreshExecutor-0] INFO  c.netflix.discovery.DiscoveryClient - Application version is -1: false
2026-05-30 08:14:34 [DiscoveryClient-CacheRefreshExecutor-0] INFO  c.netflix.discovery.DiscoveryClient - Getting all instance registry info from the eureka server
2026-05-30 08:14:34 [DiscoveryClient-CacheRefreshExecutor-0] INFO  c.netflix.discovery.DiscoveryClient - The response status is 200
2026-05-30 08:14:37 [RMI TCP Connection(10)-127.0.0.1] INFO  o.s.b.a.SpringApplicationAdminMXBeanRegistrar$SpringApplicationAdmin - Application shutdown requested.
2026-05-30 08:14:37 [RMI TCP Connection(10)-127.0.0.1] INFO  o.s.c.n.e.s.EurekaServiceRegistry - Unregistering application API-GATEWAY with eureka with status DOWN
2026-05-30 08:14:37 [RMI TCP Connection(10)-127.0.0.1] INFO  c.netflix.discovery.DiscoveryClient - Saw local status change event StatusChangeEvent [timestamp=1780109077613, current=DOWN, previous=UP]
2026-05-30 08:14:37 [DiscoveryClient-InstanceInfoReplicator-0] INFO  c.netflix.discovery.DiscoveryClient - DiscoveryClient_API-GATEWAY/Gujjar.mshome.net:api-gateway:8080: registering service...
2026-05-30 08:14:37 [DiscoveryClient-InstanceInfoReplicator-0] INFO  c.n.d.s.t.d.RedirectingEurekaHttpClient - Request execution error. endpoint=DefaultEndpoint{ serviceUrl='http://localhost:8761/eureka/} exception=I/O error on POST request for "http://localhost:8761/eureka/apps/API-GATEWAY": Connect to http://localhost:8761 [localhost/127.0.0.1, localhost/0:0:0:0:0:0:0:1] failed: Connection refused: getsockopt stacktrace=org.springframework.web.client.ResourceAccessException: I/O error on POST request for "http://localhost:8761/eureka/apps/API-GATEWAY": Connect to http://localhost:8761 [localhost/127.0.0.1, localhost/0:0:0:0:0:0:0:1] failed: Connection refused: getsockopt
	at org.springframework.web.client.RestTemplate.createResourceAccessException(RestTemplate.java:915)
	at org.springframework.web.client.RestTemplate.doExecute(RestTemplate.java:895)
	at org.springframework.web.client.RestTemplate.execute(RestTemplate.java:790)
	at org.springframework.web.client.RestTemplate.exchange(RestTemplate.java:672)
	at org.springframework.cloud.netflix.eureka.http.RestTemplateEurekaHttpClient.register(RestTemplateEurekaHttpClient.java:77)
	at com.netflix.discovery.shared.transport.decorator.EurekaHttpClientDecorator$1.execute(EurekaHttpClientDecorator.java:59)
	at com.netflix.discovery.shared.transport.decorator.RedirectingEurekaHttpClient.execute(RedirectingEurekaHttpClient.java:91)
	at com.netflix.discovery.shared.transport.decorator.EurekaHttpClientDecorator.register(EurekaHttpClientDecorator.java:56)
	at com.netflix.discovery.shared.transport.decorator.EurekaHttpClientDecorator$1.execute(EurekaHttpClientDecorator.java:59)
	at com.netflix.discovery.shared.transport.decorator.RetryableEurekaHttpClient.execute(RetryableEurekaHttpClient.java:120)
	at com.netflix.discovery.shared.transport.decorator.EurekaHttpClientDecorator.register(EurekaHttpClientDecorator.java:56)
	at com.netflix.discovery.shared.transport.decorator.EurekaHttpClientDecorator$1.execute(EurekaHttpClientDecorator.java:59)
	at com.netflix.discovery.shared.transport.decorator.SessionedEurekaHttpClient.execute(SessionedEurekaHttpClient.java:77)
	at com.netflix.discovery.shared.transport.decorator.EurekaHttpClientDecorator.register(EurekaHttpClientDecorator.java:56)
	at com.netflix.discovery.DiscoveryClient.register(DiscoveryClient.java:820)
	at com.netflix.discovery.InstanceInfoReplicator.run(InstanceInfoReplicator.java:121)
	at com.netflix.discovery.InstanceInfoReplicator$1.run(InstanceInfoReplicator.java:101)
	at java.base/java.util.concurrent.Executors$RunnableAdapter.call(Executors.java:545)
	at java.base/java.util.concurrent.FutureTask.run(FutureTask.java:328)
	at java.base/java.util.concurrent.ScheduledThreadPoolExecutor$ScheduledFutureTask.run(ScheduledThreadPoolExecutor.java:309)
	at java.base/java.util.concurrent.ThreadPoolExecutor.runWorker(ThreadPoolExecutor.java:1090)
	at java.base/java.util.concurrent.ThreadPoolExecutor$Worker.run(ThreadPoolExecutor.java:614)
	at java.base/java.lang.Thread.run(Thread.java:1474)
Caused by: org.apache.hc.client5.http.HttpHostConnectException: Connect to http://localhost:8761 [localhost/127.0.0.1, localhost/0:0:0:0:0:0:0:1] failed: Connection refused: getsockopt
	at java.base/sun.nio.ch.Net.pollConnect(Native Method)
	at java.base/sun.nio.ch.Net.pollConnectNow(Net.java:639)
	at java.base/sun.nio.ch.NioSocketImpl.timedFinishConnect(NioSocketImpl.java:543)
	at java.base/sun.nio.ch.NioSocketImpl.connect(NioSocketImpl.java:594)
	at java.base/java.net.SocksSocketImpl.connect(SocksSocketImpl.java:284)
	at java.base/java.net.Socket.connect(Socket.java:659)
	at org.apache.hc.client5.http.socket.PlainConnectionSocketFactory.lambda$connectSocket$0(PlainConnectionSocketFactory.java:91)
	at java.base/java.security.AccessController.doPrivileged(AccessController.java:251)
	at org.apache.hc.client5.http.socket.PlainConnectionSocketFactory.connectSocket(PlainConnectionSocketFactory.java:90)
	at org.apache.hc.client5.http.socket.ConnectionSocketFactory.connectSocket(ConnectionSocketFactory.java:123)
	at org.apache.hc.client5.http.impl.io.DefaultHttpClientConnectionOperator.connect(DefaultHttpClientConnectionOperator.java:184)
	at org.apache.hc.client5.http.impl.io.PoolingHttpClientConnectionManager.connect(PoolingHttpClientConnectionManager.java:447)
	at org.apache.hc.client5.http.impl.classic.InternalExecRuntime.connectEndpoint(InternalExecRuntime.java:162)
	at org.apache.hc.client5.http.impl.classic.InternalExecRuntime.connectEndpoint(InternalExecRuntime.java:172)
	at org.apache.hc.client5.http.impl.classic.ConnectExec.execute(ConnectExec.java:142)
	at org.apache.hc.client5.http.impl.classic.ExecChainElement.execute(ExecChainElement.java:51)
	at org.apache.hc.client5.http.impl.classic.ProtocolExec.execute(ProtocolExec.java:192)
	at org.apache.hc.client5.http.impl.classic.ExecChainElement.execute(ExecChainElement.java:51)
	at org.apache.hc.client5.http.impl.classic.HttpRequestRetryExec.execute(HttpRequestRetryExec.java:96)
	at org.apache.hc.client5.http.impl.classic.ExecChainElement.execute(ExecChainElement.java:51)
	at org.apache.hc.client5.http.impl.classic.ContentCompressionExec.execute(ContentCompressionExec.java:152)
	at org.apache.hc.client5.http.impl.classic.ExecChainElement.execute(ExecChainElement.java:51)
	at org.apache.hc.client5.http.impl.classic.RedirectExec.execute(RedirectExec.java:115)
	at org.apache.hc.client5.http.impl.classic.ExecChainElement.execute(ExecChainElement.java:51)
	at org.apache.hc.client5.http.impl.classic.InternalHttpClient.doExecute(InternalHttpClient.java:170)
	at org.apache.hc.client5.http.impl.classic.CloseableHttpClient.execute(CloseableHttpClient.java:87)
	at org.apache.hc.client5.http.impl.classic.CloseableHttpClient.execute(CloseableHttpClient.java:55)
	at org.apache.hc.client5.http.classic.HttpClient.executeOpen(HttpClient.java:183)
	at org.springframework.http.client.HttpComponentsClientHttpRequest.executeInternal(HttpComponentsClientHttpRequest.java:95)
	at org.springframework.http.client.AbstractStreamingClientHttpRequest.executeInternal(AbstractStreamingClientHttpRequest.java:70)
	at org.springframework.http.client.AbstractClientHttpRequest.execute(AbstractClientHttpRequest.java:66)
	at org.springframework.http.client.InterceptingClientHttpRequest$InterceptingRequestExecution.execute(InterceptingClientHttpRequest.java:112)
	at org.springframework.cloud.netflix.eureka.http.RestTemplateTransportClientFactory.lambda$restTemplate$0(RestTemplateTransportClientFactory.java:143)
	at org.springframework.http.client.InterceptingClientHttpRequest$InterceptingRequestExecution.execute(InterceptingClientHttpRequest.java:88)
	at org.springframework.http.client.InterceptingClientHttpRequest.executeInternal(InterceptingClientHttpRequest.java:72)
	at org.springframework.http.client.AbstractBufferingClientHttpRequest.executeInternal(AbstractBufferingClientHttpRequest.java:48)
	at org.springframework.http.client.AbstractClientHttpRequest.execute(AbstractClientHttpRequest.java:66)
	at org.springframework.web.client.RestTemplate.doExecute(RestTemplate.java:889)
	... 21 more

2026-05-30 08:14:37 [DiscoveryClient-InstanceInfoReplicator-0] WARN  c.n.d.s.t.d.RetryableEurekaHttpClient - Request execution failed with message: I/O error on POST request for "http://localhost:8761/eureka/apps/API-GATEWAY": Connect to http://localhost:8761 [localhost/127.0.0.1, localhost/0:0:0:0:0:0:0:1] failed: Connection refused: getsockopt
2026-05-30 08:14:37 [DiscoveryClient-InstanceInfoReplicator-0] INFO  c.n.d.s.t.d.RedirectingEurekaHttpClient - Request execution error. endpoint=DefaultEndpoint{ serviceUrl='http://localhost:8761/eureka/}, exception=I/O error on POST request for "http://localhost:8761/eureka/apps/API-GATEWAY": Connect to http://localhost:8761 [localhost/127.0.0.1, localhost/0:0:0:0:0:0:0:1] failed: Connection refused: getsockopt stacktrace=org.springframework.web.client.ResourceAccessException: I/O error on POST request for "http://localhost:8761/eureka/apps/API-GATEWAY": Connect to http://localhost:8761 [localhost/127.0.0.1, localhost/0:0:0:0:0:0:0:1] failed: Connection refused: getsockopt
	at org.springframework.web.client.RestTemplate.createResourceAccessException(RestTemplate.java:915)
	at org.springframework.web.client.RestTemplate.doExecute(RestTemplate.java:895)
	at org.springframework.web.client.RestTemplate.execute(RestTemplate.java:790)
	at org.springframework.web.client.RestTemplate.exchange(RestTemplate.java:672)
	at org.springframework.cloud.netflix.eureka.http.RestTemplateEurekaHttpClient.register(RestTemplateEurekaHttpClient.java:77)
	at com.netflix.discovery.shared.transport.decorator.EurekaHttpClientDecorator$1.execute(EurekaHttpClientDecorator.java:59)
	at com.netflix.discovery.shared.transport.decorator.RedirectingEurekaHttpClient.executeOnNewServer(RedirectingEurekaHttpClient.java:121)
	at com.netflix.discovery.shared.transport.decorator.RedirectingEurekaHttpClient.execute(RedirectingEurekaHttpClient.java:80)
	at com.netflix.discovery.shared.transport.decorator.EurekaHttpClientDecorator.register(EurekaHttpClientDecorator.java:56)
	at com.netflix.discovery.shared.transport.decorator.EurekaHttpClientDecorator$1.execute(EurekaHttpClientDecorator.java:59)
	at com.netflix.discovery.shared.transport.decorator.RetryableEurekaHttpClient.execute(RetryableEurekaHttpClient.java:120)
	at com.netflix.discovery.shared.transport.decorator.EurekaHttpClientDecorator.register(EurekaHttpClientDecorator.java:56)
	at com.netflix.discovery.shared.transport.decorator.EurekaHttpClientDecorator$1.execute(EurekaHttpClientDecorator.java:59)
	at com.netflix.discovery.shared.transport.decorator.SessionedEurekaHttpClient.execute(SessionedEurekaHttpClient.java:77)
	at com.netflix.discovery.shared.transport.decorator.EurekaHttpClientDecorator.register(EurekaHttpClientDecorator.java:56)
	at com.netflix.discovery.DiscoveryClient.register(DiscoveryClient.java:820)
	at com.netflix.discovery.InstanceInfoReplicator.run(InstanceInfoReplicator.java:121)
	at com.netflix.discovery.InstanceInfoReplicator$1.run(InstanceInfoReplicator.java:101)
	at java.base/java.util.concurrent.Executors$RunnableAdapter.call(Executors.java:545)
	at java.base/java.util.concurrent.FutureTask.run(FutureTask.java:328)
	at java.base/java.util.concurrent.ScheduledThreadPoolExecutor$ScheduledFutureTask.run(ScheduledThreadPoolExecutor.java:309)
	at java.base/java.util.concurrent.ThreadPoolExecutor.runWorker(ThreadPoolExecutor.java:1090)
	at java.base/java.util.concurrent.ThreadPoolExecutor$Worker.run(ThreadPoolExecutor.java:614)
	at java.base/java.lang.Thread.run(Thread.java:1474)
Caused by: org.apache.hc.client5.http.HttpHostConnectException: Connect to http://localhost:8761 [localhost/127.0.0.1, localhost/0:0:0:0:0:0:0:1] failed: Connection refused: getsockopt
	at java.base/sun.nio.ch.Net.pollConnect(Native Method)
	at java.base/sun.nio.ch.Net.pollConnectNow(Net.java:639)
	at java.base/sun.nio.ch.NioSocketImpl.timedFinishConnect(NioSocketImpl.java:543)
	at java.base/sun.nio.ch.NioSocketImpl.connect(NioSocketImpl.java:594)
	at java.base/java.net.SocksSocketImpl.connect(SocksSocketImpl.java:284)
	at java.base/java.net.Socket.connect(Socket.java:659)
	at org.apache.hc.client5.http.socket.PlainConnectionSocketFactory.lambda$connectSocket$0(PlainConnectionSocketFactory.java:91)
	at java.base/java.security.AccessController.doPrivileged(AccessController.java:251)
	at org.apache.hc.client5.http.socket.PlainConnectionSocketFactory.connectSocket(PlainConnectionSocketFactory.java:90)
	at org.apache.hc.client5.http.socket.ConnectionSocketFactory.connectSocket(ConnectionSocketFactory.java:123)
	at org.apache.hc.client5.http.impl.io.DefaultHttpClientConnectionOperator.connect(DefaultHttpClientConnectionOperator.java:184)
	at org.apache.hc.client5.http.impl.io.PoolingHttpClientConnectionManager.connect(PoolingHttpClientConnectionManager.java:447)
	at org.apache.hc.client5.http.impl.classic.InternalExecRuntime.connectEndpoint(InternalExecRuntime.java:162)
	at org.apache.hc.client5.http.impl.classic.InternalExecRuntime.connectEndpoint(InternalExecRuntime.java:172)
	at org.apache.hc.client5.http.impl.classic.ConnectExec.execute(ConnectExec.java:142)
	at org.apache.hc.client5.http.impl.classic.ExecChainElement.execute(ExecChainElement.java:51)
	at org.apache.hc.client5.http.impl.classic.ProtocolExec.execute(ProtocolExec.java:192)
	at org.apache.hc.client5.http.impl.classic.ExecChainElement.execute(ExecChainElement.java:51)
	at org.apache.hc.client5.http.impl.classic.HttpRequestRetryExec.execute(HttpRequestRetryExec.java:96)
	at org.apache.hc.client5.http.impl.classic.ExecChainElement.execute(ExecChainElement.java:51)
	at org.apache.hc.client5.http.impl.classic.ContentCompressionExec.execute(ContentCompressionExec.java:152)
	at org.apache.hc.client5.http.impl.classic.ExecChainElement.execute(ExecChainElement.java:51)
	at org.apache.hc.client5.http.impl.classic.RedirectExec.execute(RedirectExec.java:115)
	at org.apache.hc.client5.http.impl.classic.ExecChainElement.execute(ExecChainElement.java:51)
	at org.apache.hc.client5.http.impl.classic.InternalHttpClient.doExecute(InternalHttpClient.java:170)
	at org.apache.hc.client5.http.impl.classic.CloseableHttpClient.execute(CloseableHttpClient.java:87)
	at org.apache.hc.client5.http.impl.classic.CloseableHttpClient.execute(CloseableHttpClient.java:55)
	at org.apache.hc.client5.http.classic.HttpClient.executeOpen(HttpClient.java:183)
	at org.springframework.http.client.HttpComponentsClientHttpRequest.executeInternal(HttpComponentsClientHttpRequest.java:95)
	at org.springframework.http.client.AbstractStreamingClientHttpRequest.executeInternal(AbstractStreamingClientHttpRequest.java:70)
	at org.springframework.http.client.AbstractClientHttpRequest.execute(AbstractClientHttpRequest.java:66)
	at org.springframework.http.client.InterceptingClientHttpRequest$InterceptingRequestExecution.execute(InterceptingClientHttpRequest.java:112)
	at org.springframework.cloud.netflix.eureka.http.RestTemplateTransportClientFactory.lambda$restTemplate$0(RestTemplateTransportClientFactory.java:143)
	at org.springframework.http.client.InterceptingClientHttpRequest$InterceptingRequestExecution.execute(InterceptingClientHttpRequest.java:88)
	at org.springframework.http.client.InterceptingClientHttpRequest.executeInternal(InterceptingClientHttpRequest.java:72)
	at org.springframework.http.client.AbstractBufferingClientHttpRequest.executeInternal(AbstractBufferingClientHttpRequest.java:48)
	at org.springframework.http.client.AbstractClientHttpRequest.execute(AbstractClientHttpRequest.java:66)
	at org.springframework.web.client.RestTemplate.doExecute(RestTemplate.java:889)
	... 22 more

2026-05-30 08:14:37 [DiscoveryClient-InstanceInfoReplicator-0] WARN  c.n.d.s.t.d.RetryableEurekaHttpClient - Request execution failed with message: I/O error on POST request for "http://localhost:8761/eureka/apps/API-GATEWAY": Connect to http://localhost:8761 [localhost/127.0.0.1, localhost/0:0:0:0:0:0:0:1] failed: Connection refused: getsockopt
2026-05-30 08:14:37 [DiscoveryClient-InstanceInfoReplicator-0] WARN  c.netflix.discovery.DiscoveryClient - DiscoveryClient_API-GATEWAY/Gujjar.mshome.net:api-gateway:8080 - registration failed Cannot execute request on any known server
com.netflix.discovery.shared.transport.TransportException: Cannot execute request on any known server
	at com.netflix.discovery.shared.transport.decorator.RetryableEurekaHttpClient.execute(RetryableEurekaHttpClient.java:112)
	at com.netflix.discovery.shared.transport.decorator.EurekaHttpClientDecorator.register(EurekaHttpClientDecorator.java:56)
	at com.netflix.discovery.shared.transport.decorator.EurekaHttpClientDecorator$1.execute(EurekaHttpClientDecorator.java:59)
	at com.netflix.discovery.shared.transport.decorator.SessionedEurekaHttpClient.execute(SessionedEurekaHttpClient.java:77)
	at com.netflix.discovery.shared.transport.decorator.EurekaHttpClientDecorator.register(EurekaHttpClientDecorator.java:56)
	at com.netflix.discovery.DiscoveryClient.register(DiscoveryClient.java:820)
	at com.netflix.discovery.InstanceInfoReplicator.run(InstanceInfoReplicator.java:121)
	at com.netflix.discovery.InstanceInfoReplicator$1.run(InstanceInfoReplicator.java:101)
	at java.base/java.util.concurrent.Executors$RunnableAdapter.call(Executors.java:545)
	at java.base/java.util.concurrent.FutureTask.run(FutureTask.java:328)
	at java.base/java.util.concurrent.ScheduledThreadPoolExecutor$ScheduledFutureTask.run(ScheduledThreadPoolExecutor.java:309)
	at java.base/java.util.concurrent.ThreadPoolExecutor.runWorker(ThreadPoolExecutor.java:1090)
	at java.base/java.util.concurrent.ThreadPoolExecutor$Worker.run(ThreadPoolExecutor.java:614)
	at java.base/java.lang.Thread.run(Thread.java:1474)
2026-05-30 08:14:37 [DiscoveryClient-InstanceInfoReplicator-0] WARN  c.n.discovery.InstanceInfoReplicator - There was a problem with the instance info replicator
com.netflix.discovery.shared.transport.TransportException: Cannot execute request on any known server
	at com.netflix.discovery.shared.transport.decorator.RetryableEurekaHttpClient.execute(RetryableEurekaHttpClient.java:112)
	at com.netflix.discovery.shared.transport.decorator.EurekaHttpClientDecorator.register(EurekaHttpClientDecorator.java:56)
	at com.netflix.discovery.shared.transport.decorator.EurekaHttpClientDecorator$1.execute(EurekaHttpClientDecorator.java:59)
	at com.netflix.discovery.shared.transport.decorator.SessionedEurekaHttpClient.execute(SessionedEurekaHttpClient.java:77)
	at com.netflix.discovery.shared.transport.decorator.EurekaHttpClientDecorator.register(EurekaHttpClientDecorator.java:56)
	at com.netflix.discovery.DiscoveryClient.register(DiscoveryClient.java:820)
	at com.netflix.discovery.InstanceInfoReplicator.run(InstanceInfoReplicator.java:121)
	at com.netflix.discovery.InstanceInfoReplicator$1.run(InstanceInfoReplicator.java:101)
	at java.base/java.util.concurrent.Executors$RunnableAdapter.call(Executors.java:545)
	at java.base/java.util.concurrent.FutureTask.run(FutureTask.java:328)
	at java.base/java.util.concurrent.ScheduledThreadPoolExecutor$ScheduledFutureTask.run(ScheduledThreadPoolExecutor.java:309)
	at java.base/java.util.concurrent.ThreadPoolExecutor.runWorker(ThreadPoolExecutor.java:1090)
	at java.base/java.util.concurrent.ThreadPoolExecutor$Worker.run(ThreadPoolExecutor.java:614)
	at java.base/java.lang.Thread.run(Thread.java:1474)
2026-05-30 08:14:39 [DiscoveryClient-HeartbeatExecutor-0] INFO  c.n.d.s.t.d.RedirectingEurekaHttpClient - Request execution error. endpoint=DefaultEndpoint{ serviceUrl='http://localhost:8761/eureka/}, exception=I/O error on PUT request for "http://localhost:8761/eureka/apps/API-GATEWAY/Gujjar.mshome.net:api-gateway:8080": Connect to http://localhost:8761 [localhost/127.0.0.1, localhost/0:0:0:0:0:0:0:1] failed: Connection refused: getsockopt stacktrace=org.springframework.web.client.ResourceAccessException: I/O error on PUT request for "http://localhost:8761/eureka/apps/API-GATEWAY/Gujjar.mshome.net:api-gateway:8080": Connect to http://localhost:8761 [localhost/127.0.0.1, localhost/0:0:0:0:0:0:0:1] failed: Connection refused: getsockopt
	at org.springframework.web.client.RestTemplate.createResourceAccessException(RestTemplate.java:915)
	at org.springframework.web.client.RestTemplate.doExecute(RestTemplate.java:895)
	at org.springframework.web.client.RestTemplate.execute(RestTemplate.java:790)
	at org.springframework.web.client.RestTemplate.exchange(RestTemplate.java:672)
	at org.springframework.cloud.netflix.eureka.http.RestTemplateEurekaHttpClient.sendHeartBeat(RestTemplateEurekaHttpClient.java:99)
	at com.netflix.discovery.shared.transport.decorator.EurekaHttpClientDecorator$3.execute(EurekaHttpClientDecorator.java:92)
	at com.netflix.discovery.shared.transport.decorator.RedirectingEurekaHttpClient.executeOnNewServer(RedirectingEurekaHttpClient.java:121)
	at com.netflix.discovery.shared.transport.decorator.RedirectingEurekaHttpClient.execute(RedirectingEurekaHttpClient.java:80)
	at com.netflix.discovery.shared.transport.decorator.EurekaHttpClientDecorator.sendHeartBeat(EurekaHttpClientDecorator.java:89)
	at com.netflix.discovery.shared.transport.decorator.EurekaHttpClientDecorator$3.execute(EurekaHttpClientDecorator.java:92)
	at com.netflix.discovery.shared.transport.decorator.RetryableEurekaHttpClient.execute(RetryableEurekaHttpClient.java:120)
	at com.netflix.discovery.shared.transport.decorator.EurekaHttpClientDecorator.sendHeartBeat(EurekaHttpClientDecorator.java:89)
	at com.netflix.discovery.shared.transport.decorator.EurekaHttpClientDecorator$3.execute(EurekaHttpClientDecorator.java:92)
	at com.netflix.discovery.shared.transport.decorator.SessionedEurekaHttpClient.execute(SessionedEurekaHttpClient.java:77)
	at com.netflix.discovery.shared.transport.decorator.EurekaHttpClientDecorator.sendHeartBeat(EurekaHttpClientDecorator.java:89)
	at com.netflix.discovery.DiscoveryClient.renew(DiscoveryClient.java:837)
	at com.netflix.discovery.DiscoveryClient$HeartbeatThread.run(DiscoveryClient.java:1401)
	at java.base/java.util.concurrent.Executors$RunnableAdapter.call(Executors.java:545)
	at java.base/java.util.concurrent.FutureTask.run(FutureTask.java:328)
	at java.base/java.util.concurrent.ThreadPoolExecutor.runWorker(ThreadPoolExecutor.java:1090)
	at java.base/java.util.concurrent.ThreadPoolExecutor$Worker.run(ThreadPoolExecutor.java:614)
	at java.base/java.lang.Thread.run(Thread.java:1474)
Caused by: org.apache.hc.client5.http.HttpHostConnectException: Connect to http://localhost:8761 [localhost/127.0.0.1, localhost/0:0:0:0:0:0:0:1] failed: Connection refused: getsockopt
	at java.base/sun.nio.ch.Net.pollConnect(Native Method)
	at java.base/sun.nio.ch.Net.pollConnectNow(Net.java:639)
	at java.base/sun.nio.ch.NioSocketImpl.timedFinishConnect(NioSocketImpl.java:543)
	at java.base/sun.nio.ch.NioSocketImpl.connect(NioSocketImpl.java:594)
	at java.base/java.net.SocksSocketImpl.connect(SocksSocketImpl.java:284)
	at java.base/java.net.Socket.connect(Socket.java:659)
	at org.apache.hc.client5.http.socket.PlainConnectionSocketFactory.lambda$connectSocket$0(PlainConnectionSocketFactory.java:91)
	at java.base/java.security.AccessController.doPrivileged(AccessController.java:251)
	at org.apache.hc.client5.http.socket.PlainConnectionSocketFactory.connectSocket(PlainConnectionSocketFactory.java:90)
	at org.apache.hc.client5.http.socket.ConnectionSocketFactory.connectSocket(ConnectionSocketFactory.java:123)
	at org.apache.hc.client5.http.impl.io.DefaultHttpClientConnectionOperator.connect(DefaultHttpClientConnectionOperator.java:184)
	at org.apache.hc.client5.http.impl.io.PoolingHttpClientConnectionManager.connect(PoolingHttpClientConnectionManager.java:447)
	at org.apache.hc.client5.http.impl.classic.InternalExecRuntime.connectEndpoint(InternalExecRuntime.java:162)
	at org.apache.hc.client5.http.impl.classic.InternalExecRuntime.connectEndpoint(InternalExecRuntime.java:172)
	at org.apache.hc.client5.http.impl.classic.ConnectExec.execute(ConnectExec.java:142)
	at org.apache.hc.client5.http.impl.classic.ExecChainElement.execute(ExecChainElement.java:51)
	at org.apache.hc.client5.http.impl.classic.ProtocolExec.execute(ProtocolExec.java:192)
	at org.apache.hc.client5.http.impl.classic.ExecChainElement.execute(ExecChainElement.java:51)
	at org.apache.hc.client5.http.impl.classic.HttpRequestRetryExec.execute(HttpRequestRetryExec.java:96)
	at org.apache.hc.client5.http.impl.classic.ExecChainElement.execute(ExecChainElement.java:51)
	at org.apache.hc.client5.http.impl.classic.ContentCompressionExec.execute(ContentCompressionExec.java:152)
	at org.apache.hc.client5.http.impl.classic.ExecChainElement.execute(ExecChainElement.java:51)
	at org.apache.hc.client5.http.impl.classic.RedirectExec.execute(RedirectExec.java:115)
	at org.apache.hc.client5.http.impl.classic.ExecChainElement.execute(ExecChainElement.java:51)
	at org.apache.hc.client5.http.impl.classic.InternalHttpClient.doExecute(InternalHttpClient.java:170)
	at org.apache.hc.client5.http.impl.classic.CloseableHttpClient.execute(CloseableHttpClient.java:87)
	at org.apache.hc.client5.http.impl.classic.CloseableHttpClient.execute(CloseableHttpClient.java:55)
	at org.apache.hc.client5.http.classic.HttpClient.executeOpen(HttpClient.java:183)
	at org.springframework.http.client.HttpComponentsClientHttpRequest.executeInternal(HttpComponentsClientHttpRequest.java:95)
	at org.springframework.http.client.AbstractStreamingClientHttpRequest.executeInternal(AbstractStreamingClientHttpRequest.java:70)
	at org.springframework.http.client.AbstractClientHttpRequest.execute(AbstractClientHttpRequest.java:66)
	at org.springframework.http.client.InterceptingClientHttpRequest$InterceptingRequestExecution.execute(InterceptingClientHttpRequest.java:112)
	at org.springframework.cloud.netflix.eureka.http.RestTemplateTransportClientFactory.lambda$restTemplate$0(RestTemplateTransportClientFactory.java:143)
	at org.springframework.http.client.InterceptingClientHttpRequest$InterceptingRequestExecution.execute(InterceptingClientHttpRequest.java:88)
	at org.springframework.http.client.InterceptingClientHttpRequest.executeInternal(InterceptingClientHttpRequest.java:72)
	at org.springframework.http.client.AbstractBufferingClientHttpRequest.executeInternal(AbstractBufferingClientHttpRequest.java:48)
	at org.springframework.http.client.AbstractClientHttpRequest.execute(AbstractClientHttpRequest.java:66)
	at org.springframework.web.client.RestTemplate.doExecute(RestTemplate.java:889)
	... 20 more

2026-05-30 08:14:39 [DiscoveryClient-HeartbeatExecutor-0] WARN  c.n.d.s.t.d.RetryableEurekaHttpClient - Request execution failed with message: I/O error on PUT request for "http://localhost:8761/eureka/apps/API-GATEWAY/Gujjar.mshome.net:api-gateway:8080": Connect to http://localhost:8761 [localhost/127.0.0.1, localhost/0:0:0:0:0:0:0:1] failed: Connection refused: getsockopt
2026-05-30 08:14:39 [DiscoveryClient-HeartbeatExecutor-0] ERROR c.netflix.discovery.DiscoveryClient - DiscoveryClient_API-GATEWAY/Gujjar.mshome.net:api-gateway:8080 - was unable to send heartbeat!
com.netflix.discovery.shared.transport.TransportException: Cannot execute request on any known server
	at com.netflix.discovery.shared.transport.decorator.RetryableEurekaHttpClient.execute(RetryableEurekaHttpClient.java:112)
	at com.netflix.discovery.shared.transport.decorator.EurekaHttpClientDecorator.sendHeartBeat(EurekaHttpClientDecorator.java:89)
	at com.netflix.discovery.shared.transport.decorator.EurekaHttpClientDecorator$3.execute(EurekaHttpClientDecorator.java:92)
	at com.netflix.discovery.shared.transport.decorator.SessionedEurekaHttpClient.execute(SessionedEurekaHttpClient.java:77)
	at com.netflix.discovery.shared.transport.decorator.EurekaHttpClientDecorator.sendHeartBeat(EurekaHttpClientDecorator.java:89)
	at com.netflix.discovery.DiscoveryClient.renew(DiscoveryClient.java:837)
	at com.netflix.discovery.DiscoveryClient$HeartbeatThread.run(DiscoveryClient.java:1401)
	at java.base/java.util.concurrent.Executors$RunnableAdapter.call(Executors.java:545)
	at java.base/java.util.concurrent.FutureTask.run(FutureTask.java:328)
	at java.base/java.util.concurrent.ThreadPoolExecutor.runWorker(ThreadPoolExecutor.java:1090)
	at java.base/java.util.concurrent.ThreadPoolExecutor$Worker.run(ThreadPoolExecutor.java:614)
	at java.base/java.lang.Thread.run(Thread.java:1474)
2026-05-30 08:14:39 [DiscoveryClient-CacheRefreshExecutor-0] INFO  c.n.d.s.t.d.RedirectingEurekaHttpClient - Request execution error. endpoint=DefaultEndpoint{ serviceUrl='http://localhost:8761/eureka/} exception=I/O error on GET request for "http://localhost:8761/eureka/apps/delta": Connect to http://localhost:8761 [localhost/127.0.0.1, localhost/0:0:0:0:0:0:0:1] failed: Connection refused: getsockopt stacktrace=org.springframework.web.client.ResourceAccessException: I/O error on GET request for "http://localhost:8761/eureka/apps/delta": Connect to http://localhost:8761 [localhost/127.0.0.1, localhost/0:0:0:0:0:0:0:1] failed: Connection refused: getsockopt
	at org.springframework.web.client.RestTemplate.createResourceAccessException(RestTemplate.java:915)
	at org.springframework.web.client.RestTemplate.doExecute(RestTemplate.java:895)
	at org.springframework.web.client.RestTemplate.execute(RestTemplate.java:790)
	at org.springframework.web.client.RestTemplate.exchange(RestTemplate.java:672)
	at org.springframework.cloud.netflix.eureka.http.RestTemplateEurekaHttpClient.getApplicationsInternal(RestTemplateEurekaHttpClient.java:145)
	at org.springframework.cloud.netflix.eureka.http.RestTemplateEurekaHttpClient.getDelta(RestTemplateEurekaHttpClient.java:155)
	at com.netflix.discovery.shared.transport.decorator.EurekaHttpClientDecorator$7.execute(EurekaHttpClientDecorator.java:152)
	at com.netflix.discovery.shared.transport.decorator.RedirectingEurekaHttpClient.execute(RedirectingEurekaHttpClient.java:91)
	at com.netflix.discovery.shared.transport.decorator.EurekaHttpClientDecorator.getDelta(EurekaHttpClientDecorator.java:149)
	at com.netflix.discovery.shared.transport.decorator.EurekaHttpClientDecorator$7.execute(EurekaHttpClientDecorator.java:152)
	at com.netflix.discovery.shared.transport.decorator.RetryableEurekaHttpClient.execute(RetryableEurekaHttpClient.java:120)
	at com.netflix.discovery.shared.transport.decorator.EurekaHttpClientDecorator.getDelta(EurekaHttpClientDecorator.java:149)
	at com.netflix.discovery.shared.transport.decorator.EurekaHttpClientDecorator$7.execute(EurekaHttpClientDecorator.java:152)
	at com.netflix.discovery.shared.transport.decorator.SessionedEurekaHttpClient.execute(SessionedEurekaHttpClient.java:77)
	at com.netflix.discovery.shared.transport.decorator.EurekaHttpClientDecorator.getDelta(EurekaHttpClientDecorator.java:149)
	at com.netflix.discovery.DiscoveryClient.getAndUpdateDelta(DiscoveryClient.java:1079)
	at com.netflix.discovery.DiscoveryClient.fetchRegistry(DiscoveryClient.java:960)
	at com.netflix.discovery.DiscoveryClient.refreshRegistry(DiscoveryClient.java:1475)
	at com.netflix.discovery.DiscoveryClient$CacheRefreshThread.run(DiscoveryClient.java:1442)
	at java.base/java.util.concurrent.Executors$RunnableAdapter.call(Executors.java:545)
	at java.base/java.util.concurrent.FutureTask.run(FutureTask.java:328)
	at java.base/java.util.concurrent.ThreadPoolExecutor.runWorker(ThreadPoolExecutor.java:1090)
	at java.base/java.util.concurrent.ThreadPoolExecutor$Worker.run(ThreadPoolExecutor.java:614)
	at java.base/java.lang.Thread.run(Thread.java:1474)
Caused by: org.apache.hc.client5.http.HttpHostConnectException: Connect to http://localhost:8761 [localhost/127.0.0.1, localhost/0:0:0:0:0:0:0:1] failed: Connection refused: getsockopt
	at java.base/sun.nio.ch.Net.pollConnect(Native Method)
	at java.base/sun.nio.ch.Net.pollConnectNow(Net.java:639)
	at java.base/sun.nio.ch.NioSocketImpl.timedFinishConnect(NioSocketImpl.java:543)
	at java.base/sun.nio.ch.NioSocketImpl.connect(NioSocketImpl.java:594)
	at java.base/java.net.SocksSocketImpl.connect(SocksSocketImpl.java:284)
	at java.base/java.net.Socket.connect(Socket.java:659)
	at org.apache.hc.client5.http.socket.PlainConnectionSocketFactory.lambda$connectSocket$0(PlainConnectionSocketFactory.java:91)
	at java.base/java.security.AccessController.doPrivileged(AccessController.java:251)
	at org.apache.hc.client5.http.socket.PlainConnectionSocketFactory.connectSocket(PlainConnectionSocketFactory.java:90)
	at org.apache.hc.client5.http.socket.ConnectionSocketFactory.connectSocket(ConnectionSocketFactory.java:123)
	at org.apache.hc.client5.http.impl.io.DefaultHttpClientConnectionOperator.connect(DefaultHttpClientConnectionOperator.java:184)
	at org.apache.hc.client5.http.impl.io.PoolingHttpClientConnectionManager.connect(PoolingHttpClientConnectionManager.java:447)
	at org.apache.hc.client5.http.impl.classic.InternalExecRuntime.connectEndpoint(InternalExecRuntime.java:162)
	at org.apache.hc.client5.http.impl.classic.InternalExecRuntime.connectEndpoint(InternalExecRuntime.java:172)
	at org.apache.hc.client5.http.impl.classic.ConnectExec.execute(ConnectExec.java:142)
	at org.apache.hc.client5.http.impl.classic.ExecChainElement.execute(ExecChainElement.java:51)
	at org.apache.hc.client5.http.impl.classic.ProtocolExec.execute(ProtocolExec.java:192)
	at org.apache.hc.client5.http.impl.classic.ExecChainElement.execute(ExecChainElement.java:51)
	at org.apache.hc.client5.http.impl.classic.HttpRequestRetryExec.execute(HttpRequestRetryExec.java:96)
	at org.apache.hc.client5.http.impl.classic.ExecChainElement.execute(ExecChainElement.java:51)
	at org.apache.hc.client5.http.impl.classic.ContentCompressionExec.execute(ContentCompressionExec.java:152)
	at org.apache.hc.client5.http.impl.classic.ExecChainElement.execute(ExecChainElement.java:51)
	at org.apache.hc.client5.http.impl.classic.RedirectExec.execute(RedirectExec.java:115)
	at org.apache.hc.client5.http.impl.classic.ExecChainElement.execute(ExecChainElement.java:51)
	at org.apache.hc.client5.http.impl.classic.InternalHttpClient.doExecute(InternalHttpClient.java:170)
	at org.apache.hc.client5.http.impl.classic.CloseableHttpClient.execute(CloseableHttpClient.java:87)
	at org.apache.hc.client5.http.impl.classic.CloseableHttpClient.execute(CloseableHttpClient.java:55)
	at org.apache.hc.client5.http.classic.HttpClient.executeOpen(HttpClient.java:183)
	at org.springframework.http.client.HttpComponentsClientHttpRequest.executeInternal(HttpComponentsClientHttpRequest.java:95)
	at org.springframework.http.client.AbstractStreamingClientHttpRequest.executeInternal(AbstractStreamingClientHttpRequest.java:70)
	at org.springframework.http.client.AbstractClientHttpRequest.execute(AbstractClientHttpRequest.java:66)
	at org.springframework.http.client.InterceptingClientHttpRequest$InterceptingRequestExecution.execute(InterceptingClientHttpRequest.java:112)
	at org.springframework.cloud.netflix.eureka.http.RestTemplateTransportClientFactory.lambda$restTemplate$0(RestTemplateTransportClientFactory.java:143)
	at org.springframework.http.client.InterceptingClientHttpRequest$InterceptingRequestExecution.execute(InterceptingClientHttpRequest.java:88)
	at org.springframework.http.client.InterceptingClientHttpRequest.executeInternal(InterceptingClientHttpRequest.java:72)
	at org.springframework.http.client.AbstractBufferingClientHttpRequest.executeInternal(AbstractBufferingClientHttpRequest.java:48)
	at org.springframework.http.client.AbstractClientHttpRequest.execute(AbstractClientHttpRequest.java:66)
	at org.springframework.web.client.RestTemplate.doExecute(RestTemplate.java:889)
	... 22 more

2026-05-30 08:14:39 [DiscoveryClient-CacheRefreshExecutor-0] WARN  c.n.d.s.t.d.RetryableEurekaHttpClient - Request execution failed with message: I/O error on GET request for "http://localhost:8761/eureka/apps/delta": Connect to http://localhost:8761 [localhost/127.0.0.1, localhost/0:0:0:0:0:0:0:1] failed: Connection refused: getsockopt
2026-05-30 08:14:39 [DiscoveryClient-CacheRefreshExecutor-0] INFO  c.n.d.s.t.d.RedirectingEurekaHttpClient - Request execution error. endpoint=DefaultEndpoint{ serviceUrl='http://localhost:8761/eureka/}, exception=I/O error on GET request for "http://localhost:8761/eureka/apps/delta": Connect to http://localhost:8761 [localhost/127.0.0.1, localhost/0:0:0:0:0:0:0:1] failed: Connection refused: getsockopt stacktrace=org.springframework.web.client.ResourceAccessException: I/O error on GET request for "http://localhost:8761/eureka/apps/delta": Connect to http://localhost:8761 [localhost/127.0.0.1, localhost/0:0:0:0:0:0:0:1] failed: Connection refused: getsockopt
	at org.springframework.web.client.RestTemplate.createResourceAccessException(RestTemplate.java:915)
	at org.springframework.web.client.RestTemplate.doExecute(RestTemplate.java:895)
	at org.springframework.web.client.RestTemplate.execute(RestTemplate.java:790)
	at org.springframework.web.client.RestTemplate.exchange(RestTemplate.java:672)
	at org.springframework.cloud.netflix.eureka.http.RestTemplateEurekaHttpClient.getApplicationsInternal(RestTemplateEurekaHttpClient.java:145)
	at org.springframework.cloud.netflix.eureka.http.RestTemplateEurekaHttpClient.getDelta(RestTemplateEurekaHttpClient.java:155)
	at com.netflix.discovery.shared.transport.decorator.EurekaHttpClientDecorator$7.execute(EurekaHttpClientDecorator.java:152)
	at com.netflix.discovery.shared.transport.decorator.RedirectingEurekaHttpClient.executeOnNewServer(RedirectingEurekaHttpClient.java:121)
	at com.netflix.discovery.shared.transport.decorator.RedirectingEurekaHttpClient.execute(RedirectingEurekaHttpClient.java:80)
	at com.netflix.discovery.shared.transport.decorator.EurekaHttpClientDecorator.getDelta(EurekaHttpClientDecorator.java:149)
	at com.netflix.discovery.shared.transport.decorator.EurekaHttpClientDecorator$7.execute(EurekaHttpClientDecorator.java:152)
	at com.netflix.discovery.shared.transport.decorator.RetryableEurekaHttpClient.execute(RetryableEurekaHttpClient.java:120)
	at com.netflix.discovery.shared.transport.decorator.EurekaHttpClientDecorator.getDelta(EurekaHttpClientDecorator.java:149)
	at com.netflix.discovery.shared.transport.decorator.EurekaHttpClientDecorator$7.execute(EurekaHttpClientDecorator.java:152)
	at com.netflix.discovery.shared.transport.decorator.SessionedEurekaHttpClient.execute(SessionedEurekaHttpClient.java:77)
	at com.netflix.discovery.shared.transport.decorator.EurekaHttpClientDecorator.getDelta(EurekaHttpClientDecorator.java:149)
	at com.netflix.discovery.DiscoveryClient.getAndUpdateDelta(DiscoveryClient.java:1079)
	at com.netflix.discovery.DiscoveryClient.fetchRegistry(DiscoveryClient.java:960)
	at com.netflix.discovery.DiscoveryClient.refreshRegistry(DiscoveryClient.java:1475)
	at com.netflix.discovery.DiscoveryClient$CacheRefreshThread.run(DiscoveryClient.java:1442)
	at java.base/java.util.concurrent.Executors$RunnableAdapter.call(Executors.java:545)
	at java.base/java.util.concurrent.FutureTask.run(FutureTask.java:328)
	at java.base/java.util.concurrent.ThreadPoolExecutor.runWorker(ThreadPoolExecutor.java:1090)
	at java.base/java.util.concurrent.ThreadPoolExecutor$Worker.run(ThreadPoolExecutor.java:614)
	at java.base/java.lang.Thread.run(Thread.java:1474)
Caused by: org.apache.hc.client5.http.HttpHostConnectException: Connect to http://localhost:8761 [localhost/127.0.0.1, localhost/0:0:0:0:0:0:0:1] failed: Connection refused: getsockopt
	at java.base/sun.nio.ch.Net.pollConnect(Native Method)
	at java.base/sun.nio.ch.Net.pollConnectNow(Net.java:639)
	at java.base/sun.nio.ch.NioSocketImpl.timedFinishConnect(NioSocketImpl.java:543)
	at java.base/sun.nio.ch.NioSocketImpl.connect(NioSocketImpl.java:594)
	at java.base/java.net.SocksSocketImpl.connect(SocksSocketImpl.java:284)
	at java.base/java.net.Socket.connect(Socket.java:659)
	at org.apache.hc.client5.http.socket.PlainConnectionSocketFactory.lambda$connectSocket$0(PlainConnectionSocketFactory.java:91)
	at java.base/java.security.AccessController.doPrivileged(AccessController.java:251)
	at org.apache.hc.client5.http.socket.PlainConnectionSocketFactory.connectSocket(PlainConnectionSocketFactory.java:90)
	at org.apache.hc.client5.http.socket.ConnectionSocketFactory.connectSocket(ConnectionSocketFactory.java:123)
	at org.apache.hc.client5.http.impl.io.DefaultHttpClientConnectionOperator.connect(DefaultHttpClientConnectionOperator.java:184)
	at org.apache.hc.client5.http.impl.io.PoolingHttpClientConnectionManager.connect(PoolingHttpClientConnectionManager.java:447)
	at org.apache.hc.client5.http.impl.classic.InternalExecRuntime.connectEndpoint(InternalExecRuntime.java:162)
	at org.apache.hc.client5.http.impl.classic.InternalExecRuntime.connectEndpoint(InternalExecRuntime.java:172)
	at org.apache.hc.client5.http.impl.classic.ConnectExec.execute(ConnectExec.java:142)
	at org.apache.hc.client5.http.impl.classic.ExecChainElement.execute(ExecChainElement.java:51)
	at org.apache.hc.client5.http.impl.classic.ProtocolExec.execute(ProtocolExec.java:192)
	at org.apache.hc.client5.http.impl.classic.ExecChainElement.execute(ExecChainElement.java:51)
	at org.apache.hc.client5.http.impl.classic.HttpRequestRetryExec.execute(HttpRequestRetryExec.java:96)
	at org.apache.hc.client5.http.impl.classic.ExecChainElement.execute(ExecChainElement.java:51)
	at org.apache.hc.client5.http.impl.classic.ContentCompressionExec.execute(ContentCompressionExec.java:152)
	at org.apache.hc.client5.http.impl.classic.ExecChainElement.execute(ExecChainElement.java:51)
	at org.apache.hc.client5.http.impl.classic.RedirectExec.execute(RedirectExec.java:115)
	at org.apache.hc.client5.http.impl.classic.ExecChainElement.execute(ExecChainElement.java:51)
	at org.apache.hc.client5.http.impl.classic.InternalHttpClient.doExecute(InternalHttpClient.java:170)
	at org.apache.hc.client5.http.impl.classic.CloseableHttpClient.execute(CloseableHttpClient.java:87)
	at org.apache.hc.client5.http.impl.classic.CloseableHttpClient.execute(CloseableHttpClient.java:55)
	at org.apache.hc.client5.http.classic.HttpClient.executeOpen(HttpClient.java:183)
	at org.springframework.http.client.HttpComponentsClientHttpRequest.executeInternal(HttpComponentsClientHttpRequest.java:95)
	at org.springframework.http.client.AbstractStreamingClientHttpRequest.executeInternal(AbstractStreamingClientHttpRequest.java:70)
	at org.springframework.http.client.AbstractClientHttpRequest.execute(AbstractClientHttpRequest.java:66)
	at org.springframework.http.client.InterceptingClientHttpRequest$InterceptingRequestExecution.execute(InterceptingClientHttpRequest.java:112)
	at org.springframework.cloud.netflix.eureka.http.RestTemplateTransportClientFactory.lambda$restTemplate$0(RestTemplateTransportClientFactory.java:143)
	at org.springframework.http.client.InterceptingClientHttpRequest$InterceptingRequestExecution.execute(InterceptingClientHttpRequest.java:88)
	at org.springframework.http.client.InterceptingClientHttpRequest.executeInternal(InterceptingClientHttpRequest.java:72)
	at org.springframework.http.client.AbstractBufferingClientHttpRequest.executeInternal(AbstractBufferingClientHttpRequest.java:48)
	at org.springframework.http.client.AbstractClientHttpRequest.execute(AbstractClientHttpRequest.java:66)
	at org.springframework.web.client.RestTemplate.doExecute(RestTemplate.java:889)
	... 23 more

2026-05-30 08:14:39 [DiscoveryClient-CacheRefreshExecutor-0] WARN  c.n.d.s.t.d.RetryableEurekaHttpClient - Request execution failed with message: I/O error on GET request for "http://localhost:8761/eureka/apps/delta": Connect to http://localhost:8761 [localhost/127.0.0.1, localhost/0:0:0:0:0:0:0:1] failed: Connection refused: getsockopt
2026-05-30 08:14:39 [DiscoveryClient-CacheRefreshExecutor-0] INFO  c.netflix.discovery.DiscoveryClient - DiscoveryClient_API-GATEWAY/Gujjar.mshome.net:api-gateway:8080 - was unable to refresh its cache! This periodic background refresh will be retried in 5 seconds. status = Cannot execute request on any known server stacktrace = com.netflix.discovery.shared.transport.TransportException: Cannot execute request on any known server
	at com.netflix.discovery.shared.transport.decorator.RetryableEurekaHttpClient.execute(RetryableEurekaHttpClient.java:112)
	at com.netflix.discovery.shared.transport.decorator.EurekaHttpClientDecorator.getDelta(EurekaHttpClientDecorator.java:149)
	at com.netflix.discovery.shared.transport.decorator.EurekaHttpClientDecorator$7.execute(EurekaHttpClientDecorator.java:152)
	at com.netflix.discovery.shared.transport.decorator.SessionedEurekaHttpClient.execute(SessionedEurekaHttpClient.java:77)
	at com.netflix.discovery.shared.transport.decorator.EurekaHttpClientDecorator.getDelta(EurekaHttpClientDecorator.java:149)
	at com.netflix.discovery.DiscoveryClient.getAndUpdateDelta(DiscoveryClient.java:1079)
	at com.netflix.discovery.DiscoveryClient.fetchRegistry(DiscoveryClient.java:960)
	at com.netflix.discovery.DiscoveryClient.refreshRegistry(DiscoveryClient.java:1475)
	at com.netflix.discovery.DiscoveryClient$CacheRefreshThread.run(DiscoveryClient.java:1442)
	at java.base/java.util.concurrent.Executors$RunnableAdapter.call(Executors.java:545)
	at java.base/java.util.concurrent.FutureTask.run(FutureTask.java:328)
	at java.base/java.util.concurrent.ThreadPoolExecutor.runWorker(ThreadPoolExecutor.java:1090)
	at java.base/java.util.concurrent.ThreadPoolExecutor$Worker.run(ThreadPoolExecutor.java:614)
	at java.base/java.lang.Thread.run(Thread.java:1474)

2026-05-30 08:14:40 [RMI TCP Connection(10)-127.0.0.1] INFO  c.netflix.discovery.DiscoveryClient - Shutting down DiscoveryClient ...
2026-05-30 08:14:43 [RMI TCP Connection(10)-127.0.0.1] INFO  c.netflix.discovery.DiscoveryClient - Unregistering ...
2026-05-30 08:14:43 [RMI TCP Connection(10)-127.0.0.1] INFO  c.n.d.s.t.d.RedirectingEurekaHttpClient - Request execution error. endpoint=DefaultEndpoint{ serviceUrl='http://localhost:8761/eureka/}, exception=Connection pool shut down stacktrace=java.lang.IllegalStateException: Connection pool shut down
	at org.apache.hc.core5.util.Asserts.check(Asserts.java:38)
	at org.apache.hc.core5.pool.StrictConnPool.lease(StrictConnPool.java:176)
	at org.apache.hc.client5.http.impl.io.PoolingHttpClientConnectionManager.lease(PoolingHttpClientConnectionManager.java:298)
	at org.apache.hc.client5.http.impl.classic.InternalExecRuntime.acquireEndpoint(InternalExecRuntime.java:103)
	at org.apache.hc.client5.http.impl.classic.ConnectExec.execute(ConnectExec.java:125)
	at org.apache.hc.client5.http.impl.classic.ExecChainElement.execute(ExecChainElement.java:51)
	at org.apache.hc.client5.http.impl.classic.ProtocolExec.execute(ProtocolExec.java:192)
	at org.apache.hc.client5.http.impl.classic.ExecChainElement.execute(ExecChainElement.java:51)
	at org.apache.hc.client5.http.impl.classic.HttpRequestRetryExec.execute(HttpRequestRetryExec.java:96)
	at org.apache.hc.client5.http.impl.classic.ExecChainElement.execute(ExecChainElement.java:51)
	at org.apache.hc.client5.http.impl.classic.ContentCompressionExec.execute(ContentCompressionExec.java:152)
	at org.apache.hc.client5.http.impl.classic.ExecChainElement.execute(ExecChainElement.java:51)
	at org.apache.hc.client5.http.impl.classic.RedirectExec.execute(RedirectExec.java:115)
	at org.apache.hc.client5.http.impl.classic.ExecChainElement.execute(ExecChainElement.java:51)
	at org.apache.hc.client5.http.impl.classic.InternalHttpClient.doExecute(InternalHttpClient.java:170)
	at org.apache.hc.client5.http.impl.classic.CloseableHttpClient.execute(CloseableHttpClient.java:87)
	at org.apache.hc.client5.http.impl.classic.CloseableHttpClient.execute(CloseableHttpClient.java:55)
	at org.apache.hc.client5.http.classic.HttpClient.executeOpen(HttpClient.java:183)
	at org.springframework.http.client.HttpComponentsClientHttpRequest.executeInternal(HttpComponentsClientHttpRequest.java:95)
	at org.springframework.http.client.AbstractStreamingClientHttpRequest.executeInternal(AbstractStreamingClientHttpRequest.java:70)
	at org.springframework.http.client.AbstractClientHttpRequest.execute(AbstractClientHttpRequest.java:66)
	at org.springframework.http.client.InterceptingClientHttpRequest$InterceptingRequestExecution.execute(InterceptingClientHttpRequest.java:112)
	at org.springframework.cloud.netflix.eureka.http.RestTemplateTransportClientFactory.lambda$restTemplate$0(RestTemplateTransportClientFactory.java:143)
	at org.springframework.http.client.InterceptingClientHttpRequest$InterceptingRequestExecution.execute(InterceptingClientHttpRequest.java:88)
	at org.springframework.http.client.InterceptingClientHttpRequest.executeInternal(InterceptingClientHttpRequest.java:72)
	at org.springframework.http.client.AbstractBufferingClientHttpRequest.executeInternal(AbstractBufferingClientHttpRequest.java:48)
	at org.springframework.http.client.AbstractClientHttpRequest.execute(AbstractClientHttpRequest.java:66)
	at org.springframework.web.client.RestTemplate.doExecute(RestTemplate.java:889)
	at org.springframework.web.client.RestTemplate.execute(RestTemplate.java:790)
	at org.springframework.web.client.RestTemplate.exchange(RestTemplate.java:672)
	at org.springframework.cloud.netflix.eureka.http.RestTemplateEurekaHttpClient.cancel(RestTemplateEurekaHttpClient.java:87)
	at com.netflix.discovery.shared.transport.decorator.EurekaHttpClientDecorator$2.execute(EurekaHttpClientDecorator.java:74)
	at com.netflix.discovery.shared.transport.decorator.RedirectingEurekaHttpClient.executeOnNewServer(RedirectingEurekaHttpClient.java:121)
	at com.netflix.discovery.shared.transport.decorator.RedirectingEurekaHttpClient.execute(RedirectingEurekaHttpClient.java:80)
	at com.netflix.discovery.shared.transport.decorator.EurekaHttpClientDecorator.cancel(EurekaHttpClientDecorator.java:71)
	at com.netflix.discovery.shared.transport.decorator.EurekaHttpClientDecorator$2.execute(EurekaHttpClientDecorator.java:74)
	at com.netflix.discovery.shared.transport.decorator.RetryableEurekaHttpClient.execute(RetryableEurekaHttpClient.java:120)
	at com.netflix.discovery.shared.transport.decorator.EurekaHttpClientDecorator.cancel(EurekaHttpClientDecorator.java:71)
	at com.netflix.discovery.shared.transport.decorator.EurekaHttpClientDecorator$2.execute(EurekaHttpClientDecorator.java:74)
	at com.netflix.discovery.shared.transport.decorator.SessionedEurekaHttpClient.execute(SessionedEurekaHttpClient.java:77)
	at com.netflix.discovery.shared.transport.decorator.EurekaHttpClientDecorator.cancel(EurekaHttpClientDecorator.java:71)
	at com.netflix.discovery.DiscoveryClient.unregister(DiscoveryClient.java:916)
	at com.netflix.discovery.DiscoveryClient.shutdown(DiscoveryClient.java:892)
	at java.base/jdk.internal.reflect.DirectMethodHandleAccessor.invoke(DirectMethodHandleAccessor.java:104)
	at java.base/java.lang.reflect.Method.invoke(Method.java:565)
	at org.springframework.beans.factory.annotation.InitDestroyAnnotationBeanPostProcessor$LifecycleMethod.invoke(InitDestroyAnnotationBeanPostProcessor.java:457)
	at org.springframework.beans.factory.annotation.InitDestroyAnnotationBeanPostProcessor$LifecycleMetadata.invokeDestroyMethods(InitDestroyAnnotationBeanPostProcessor.java:415)
	at org.springframework.beans.factory.annotation.InitDestroyAnnotationBeanPostProcessor.postProcessBeforeDestruction(InitDestroyAnnotationBeanPostProcessor.java:239)
	at org.springframework.beans.factory.support.DisposableBeanAdapter.destroy(DisposableBeanAdapter.java:202)
	at org.springframework.beans.factory.support.DisposableBeanAdapter.run(DisposableBeanAdapter.java:195)
	at org.springframework.cloud.context.scope.GenericScope$BeanLifecycleWrapper.destroy(GenericScope.java:389)
	at org.springframework.cloud.context.scope.GenericScope.destroy(GenericScope.java:136)
	at org.springframework.beans.factory.support.DisposableBeanAdapter.destroy(DisposableBeanAdapter.java:211)
	at org.springframework.beans.factory.support.DefaultSingletonBeanRegistry.destroyBean(DefaultSingletonBeanRegistry.java:587)
	at org.springframework.beans.factory.support.DefaultSingletonBeanRegistry.destroySingleton(DefaultSingletonBeanRegistry.java:559)
	at org.springframework.beans.factory.support.DefaultListableBeanFactory.destroySingleton(DefaultListableBeanFactory.java:1202)
	at org.springframework.beans.factory.support.DefaultSingletonBeanRegistry.destroySingletons(DefaultSingletonBeanRegistry.java:520)
	at org.springframework.beans.factory.support.DefaultListableBeanFactory.destroySingletons(DefaultListableBeanFactory.java:1195)
	at org.springframework.context.support.AbstractApplicationContext.destroyBeans(AbstractApplicationContext.java:1186)
	at org.springframework.context.support.AbstractApplicationContext.doClose(AbstractApplicationContext.java:1147)
	at org.springframework.boot.web.reactive.context.ReactiveWebServerApplicationContext.doClose(ReactiveWebServerApplicationContext.java:149)
	at org.springframework.context.support.AbstractApplicationContext.close(AbstractApplicationContext.java:1093)
	at org.springframework.boot.admin.SpringApplicationAdminMXBeanRegistrar$SpringApplicationAdmin.shutdown(SpringApplicationAdminMXBeanRegistrar.java:160)
	at java.base/jdk.internal.reflect.DirectMethodHandleAccessor.invoke(DirectMethodHandleAccessor.java:104)
	at java.base/java.lang.reflect.Method.invoke(Method.java:565)
	at sun.reflect.misc.Trampoline.invoke(MethodUtil.java:64)
	at java.base/jdk.internal.reflect.DirectMethodHandleAccessor.invoke(DirectMethodHandleAccessor.java:104)
	at java.base/java.lang.reflect.Method.invoke(Method.java:565)
	at java.base/sun.reflect.misc.MethodUtil.invoke(MethodUtil.java:91)
	at java.management/com.sun.jmx.mbeanserver.ConvertingMethod.invokeWithOpenReturn(ConvertingMethod.java:193)
	at java.management/com.sun.jmx.mbeanserver.ConvertingMethod.invokeWithOpenReturn(ConvertingMethod.java:175)
	at java.management/com.sun.jmx.mbeanserver.MXBeanIntrospector.invokeM2(MXBeanIntrospector.java:115)
	at java.management/com.sun.jmx.mbeanserver.MXBeanIntrospector.invokeM2(MXBeanIntrospector.java:52)
	at java.management/com.sun.jmx.mbeanserver.MBeanIntrospector.invokeM(MBeanIntrospector.java:234)
	at java.management/com.sun.jmx.mbeanserver.PerInterface.invoke(PerInterface.java:135)
	at java.management/com.sun.jmx.mbeanserver.MBeanSupport.invoke(MBeanSupport.java:250)
	at java.management/com.sun.jmx.interceptor.DefaultMBeanServerInterceptor.invoke(DefaultMBeanServerInterceptor.java:628)
	at java.management/com.sun.jmx.mbeanserver.JmxMBeanServer.invoke(JmxMBeanServer.java:790)
	at java.management.rmi/javax.management.remote.rmi.RMIConnectionImpl.doOperationInner(RMIConnectionImpl.java:1401)
	at java.management.rmi/javax.management.remote.rmi.RMIConnectionImpl.doOperation(RMIConnectionImpl.java:1327)
	at java.management.rmi/javax.management.remote.rmi.RMIConnectionImpl.invoke(RMIConnectionImpl.java:790)
	at java.base/jdk.internal.reflect.DirectMethodHandleAccessor.invoke(DirectMethodHandleAccessor.java:104)
	at java.base/java.lang.reflect.Method.invoke(Method.java:565)
	at java.rmi/sun.rmi.server.UnicastServerRef.dispatch(UnicastServerRef.java:351)
	at java.rmi/sun.rmi.transport.Transport.serviceCall(Transport.java:166)
	at java.rmi/sun.rmi.transport.tcp.TCPTransport.handleMessages(TCPTransport.java:543)
	at java.rmi/sun.rmi.transport.tcp.TCPTransport$ConnectionHandler.run0(TCPTransport.java:744)
	at java.rmi/sun.rmi.transport.tcp.TCPTransport$ConnectionHandler.run(TCPTransport.java:623)
	at java.base/java.util.concurrent.ThreadPoolExecutor.runWorker(ThreadPoolExecutor.java:1090)
	at java.base/java.util.concurrent.ThreadPoolExecutor$Worker.run(ThreadPoolExecutor.java:614)
	at java.base/java.lang.Thread.run(Thread.java:1474)

2026-05-30 08:14:43 [RMI TCP Connection(10)-127.0.0.1] WARN  c.n.d.s.t.d.RetryableEurekaHttpClient - Request execution failed with message: Connection pool shut down
2026-05-30 08:14:43 [RMI TCP Connection(10)-127.0.0.1] ERROR c.netflix.discovery.DiscoveryClient - DiscoveryClient_API-GATEWAY/Gujjar.mshome.net:api-gateway:8080 - de-registration failedCannot execute request on any known server
com.netflix.discovery.shared.transport.TransportException: Cannot execute request on any known server
	at com.netflix.discovery.shared.transport.decorator.RetryableEurekaHttpClient.execute(RetryableEurekaHttpClient.java:112)
	at com.netflix.discovery.shared.transport.decorator.EurekaHttpClientDecorator.cancel(EurekaHttpClientDecorator.java:71)
	at com.netflix.discovery.shared.transport.decorator.EurekaHttpClientDecorator$2.execute(EurekaHttpClientDecorator.java:74)
	at com.netflix.discovery.shared.transport.decorator.SessionedEurekaHttpClient.execute(SessionedEurekaHttpClient.java:77)
	at com.netflix.discovery.shared.transport.decorator.EurekaHttpClientDecorator.cancel(EurekaHttpClientDecorator.java:71)
	at com.netflix.discovery.DiscoveryClient.unregister(DiscoveryClient.java:916)
	at com.netflix.discovery.DiscoveryClient.shutdown(DiscoveryClient.java:892)
	at java.base/jdk.internal.reflect.DirectMethodHandleAccessor.invoke(DirectMethodHandleAccessor.java:104)
	at java.base/java.lang.reflect.Method.invoke(Method.java:565)
	at org.springframework.beans.factory.annotation.InitDestroyAnnotationBeanPostProcessor$LifecycleMethod.invoke(InitDestroyAnnotationBeanPostProcessor.java:457)
	at org.springframework.beans.factory.annotation.InitDestroyAnnotationBeanPostProcessor$LifecycleMetadata.invokeDestroyMethods(InitDestroyAnnotationBeanPostProcessor.java:415)
	at org.springframework.beans.factory.annotation.InitDestroyAnnotationBeanPostProcessor.postProcessBeforeDestruction(InitDestroyAnnotationBeanPostProcessor.java:239)
	at org.springframework.beans.factory.support.DisposableBeanAdapter.destroy(DisposableBeanAdapter.java:202)
	at org.springframework.beans.factory.support.DisposableBeanAdapter.run(DisposableBeanAdapter.java:195)
	at org.springframework.cloud.context.scope.GenericScope$BeanLifecycleWrapper.destroy(GenericScope.java:389)
	at org.springframework.cloud.context.scope.GenericScope.destroy(GenericScope.java:136)
	at org.springframework.beans.factory.support.DisposableBeanAdapter.destroy(DisposableBeanAdapter.java:211)
	at org.springframework.beans.factory.support.DefaultSingletonBeanRegistry.destroyBean(DefaultSingletonBeanRegistry.java:587)
	at org.springframework.beans.factory.support.DefaultSingletonBeanRegistry.destroySingleton(DefaultSingletonBeanRegistry.java:559)
	at org.springframework.beans.factory.support.DefaultListableBeanFactory.destroySingleton(DefaultListableBeanFactory.java:1202)
	at org.springframework.beans.factory.support.DefaultSingletonBeanRegistry.destroySingletons(DefaultSingletonBeanRegistry.java:520)
	at org.springframework.beans.factory.support.DefaultListableBeanFactory.destroySingletons(DefaultListableBeanFactory.java:1195)
	at org.springframework.context.support.AbstractApplicationContext.destroyBeans(AbstractApplicationContext.java:1186)
	at org.springframework.context.support.AbstractApplicationContext.doClose(AbstractApplicationContext.java:1147)
	at org.springframework.boot.web.reactive.context.ReactiveWebServerApplicationContext.doClose(ReactiveWebServerApplicationContext.java:149)
	at org.springframework.context.support.AbstractApplicationContext.close(AbstractApplicationContext.java:1093)
	at org.springframework.boot.admin.SpringApplicationAdminMXBeanRegistrar$SpringApplicationAdmin.shutdown(SpringApplicationAdminMXBeanRegistrar.java:160)
	at java.base/jdk.internal.reflect.DirectMethodHandleAccessor.invoke(DirectMethodHandleAccessor.java:104)
	at java.base/java.lang.reflect.Method.invoke(Method.java:565)
	at sun.reflect.misc.Trampoline.invoke(MethodUtil.java:64)
	at java.base/jdk.internal.reflect.DirectMethodHandleAccessor.invoke(DirectMethodHandleAccessor.java:104)
	at java.base/java.lang.reflect.Method.invoke(Method.java:565)
	at java.base/sun.reflect.misc.MethodUtil.invoke(MethodUtil.java:91)
	at java.management/com.sun.jmx.mbeanserver.ConvertingMethod.invokeWithOpenReturn(ConvertingMethod.java:193)
	at java.management/com.sun.jmx.mbeanserver.ConvertingMethod.invokeWithOpenReturn(ConvertingMethod.java:175)
	at java.management/com.sun.jmx.mbeanserver.MXBeanIntrospector.invokeM2(MXBeanIntrospector.java:115)
	at java.management/com.sun.jmx.mbeanserver.MXBeanIntrospector.invokeM2(MXBeanIntrospector.java:52)
	at java.management/com.sun.jmx.mbeanserver.MBeanIntrospector.invokeM(MBeanIntrospector.java:234)
	at java.management/com.sun.jmx.mbeanserver.PerInterface.invoke(PerInterface.java:135)
	at java.management/com.sun.jmx.mbeanserver.MBeanSupport.invoke(MBeanSupport.java:250)
	at java.management/com.sun.jmx.interceptor.DefaultMBeanServerInterceptor.invoke(DefaultMBeanServerInterceptor.java:628)
	at java.management/com.sun.jmx.mbeanserver.JmxMBeanServer.invoke(JmxMBeanServer.java:790)
	at java.management.rmi/javax.management.remote.rmi.RMIConnectionImpl.doOperationInner(RMIConnectionImpl.java:1401)
	at java.management.rmi/javax.management.remote.rmi.RMIConnectionImpl.doOperation(RMIConnectionImpl.java:1327)
	at java.management.rmi/javax.management.remote.rmi.RMIConnectionImpl.invoke(RMIConnectionImpl.java:790)
	at java.base/jdk.internal.reflect.DirectMethodHandleAccessor.invoke(DirectMethodHandleAccessor.java:104)
	at java.base/java.lang.reflect.Method.invoke(Method.java:565)
	at java.rmi/sun.rmi.server.UnicastServerRef.dispatch(UnicastServerRef.java:351)
	at java.rmi/sun.rmi.transport.Transport.serviceCall(Transport.java:166)
	at java.rmi/sun.rmi.transport.tcp.TCPTransport.handleMessages(TCPTransport.java:543)
	at java.rmi/sun.rmi.transport.tcp.TCPTransport$ConnectionHandler.run0(TCPTransport.java:744)
	at java.rmi/sun.rmi.transport.tcp.TCPTransport$ConnectionHandler.run(TCPTransport.java:623)
	at java.base/java.util.concurrent.ThreadPoolExecutor.runWorker(ThreadPoolExecutor.java:1090)
	at java.base/java.util.concurrent.ThreadPoolExecutor$Worker.run(ThreadPoolExecutor.java:614)
	at java.base/java.lang.Thread.run(Thread.java:1474)
2026-05-30 08:14:43 [RMI TCP Connection(10)-127.0.0.1] INFO  c.netflix.discovery.DiscoveryClient - Completed shut down of DiscoveryClient
2026-05-30 08:15:12 [main] INFO  c.f.gateway.ApiGatewayApplication - Starting ApiGatewayApplication using Java 25.0.2 with PID 7804 (D:\FounderLink\api-gateway\target\classes started by LENOVO in D:\FounderLink\api-gateway)
2026-05-30 08:15:12 [main] DEBUG c.f.gateway.ApiGatewayApplication - Running with Spring Boot v3.2.5, Spring v6.1.6
2026-05-30 08:15:12 [main] INFO  c.f.gateway.ApiGatewayApplication - No active profile set, falling back to 1 default profile: "default"
2026-05-30 08:15:14 [main] INFO  o.s.cloud.context.scope.GenericScope - BeanFactory id=97d182d2-4d91-3910-82bc-067318fdb887
2026-05-30 08:15:14 [main] WARN  o.s.c.s.PostProcessorRegistrationDelegate$BeanPostProcessorChecker - Bean 'org.springframework.cloud.client.loadbalancer.LoadBalancerAutoConfiguration$DeferringLoadBalancerInterceptorConfig' of type [org.springframework.cloud.client.loadbalancer.LoadBalancerAutoConfiguration$DeferringLoadBalancerInterceptorConfig] is not eligible for getting processed by all BeanPostProcessors (for example: not eligible for auto-proxying). The currently created BeanPostProcessor [lbRestClientPostProcessor] is declared through a non-static factory method on that class; consider declaring it as static instead.
2026-05-30 08:15:14 [main] WARN  o.s.c.s.PostProcessorRegistrationDelegate$BeanPostProcessorChecker - Bean 'deferringLoadBalancerInterceptor' of type [org.springframework.cloud.client.loadbalancer.DeferringLoadBalancerInterceptor] is not eligible for getting processed by all BeanPostProcessors (for example: not eligible for auto-proxying). Is this bean getting eagerly injected into a currently created BeanPostProcessor [lbRestClientPostProcessor]? Check the corresponding BeanPostProcessor declaration and its dependencies.
2026-05-30 08:15:14 [main] WARN  o.s.c.s.PostProcessorRegistrationDelegate$BeanPostProcessorChecker - Bean 'org.springframework.cloud.client.loadbalancer.reactive.LoadBalancerBeanPostProcessorAutoConfiguration' of type [org.springframework.cloud.client.loadbalancer.reactive.LoadBalancerBeanPostProcessorAutoConfiguration] is not eligible for getting processed by all BeanPostProcessors (for example: not eligible for auto-proxying). The currently created BeanPostProcessor [loadBalancerWebClientBuilderBeanPostProcessor] is declared through a non-static factory method on that class; consider declaring it as static instead.
2026-05-30 08:15:14 [main] WARN  o.s.c.s.PostProcessorRegistrationDelegate$BeanPostProcessorChecker - Bean 'org.springframework.cloud.client.loadbalancer.reactive.LoadBalancerBeanPostProcessorAutoConfiguration$ReactorDeferringLoadBalancerFilterConfig' of type [org.springframework.cloud.client.loadbalancer.reactive.LoadBalancerBeanPostProcessorAutoConfiguration$ReactorDeferringLoadBalancerFilterConfig] is not eligible for getting processed by all BeanPostProcessors (for example: not eligible for auto-proxying). Is this bean getting eagerly injected into a currently created BeanPostProcessor [loadBalancerWebClientBuilderBeanPostProcessor]? Check the corresponding BeanPostProcessor declaration and its dependencies.
2026-05-30 08:15:14 [main] WARN  o.s.c.s.PostProcessorRegistrationDelegate$BeanPostProcessorChecker - Bean 'reactorDeferringLoadBalancerExchangeFilterFunction' of type [org.springframework.cloud.client.loadbalancer.reactive.DeferringLoadBalancerExchangeFilterFunction] is not eligible for getting processed by all BeanPostProcessors (for example: not eligible for auto-proxying). Is this bean getting eagerly injected into a currently created BeanPostProcessor [loadBalancerWebClientBuilderBeanPostProcessor]? Check the corresponding BeanPostProcessor declaration and its dependencies.
2026-05-30 08:15:14 [main] INFO  o.s.b.a.s.r.ReactiveUserDetailsServiceAutoConfiguration - 

Using generated security password: b321760c-0b84-43c6-94b2-a8364967a882

2026-05-30 08:15:15 [main] INFO  o.s.c.g.r.RouteDefinitionRouteLocator - Loaded RoutePredicateFactory [After]
2026-05-30 08:15:15 [main] INFO  o.s.c.g.r.RouteDefinitionRouteLocator - Loaded RoutePredicateFactory [Before]
2026-05-30 08:15:15 [main] INFO  o.s.c.g.r.RouteDefinitionRouteLocator - Loaded RoutePredicateFactory [Between]
2026-05-30 08:15:15 [main] INFO  o.s.c.g.r.RouteDefinitionRouteLocator - Loaded RoutePredicateFactory [Cookie]
2026-05-30 08:15:15 [main] INFO  o.s.c.g.r.RouteDefinitionRouteLocator - Loaded RoutePredicateFactory [Header]
2026-05-30 08:15:15 [main] INFO  o.s.c.g.r.RouteDefinitionRouteLocator - Loaded RoutePredicateFactory [Host]
2026-05-30 08:15:15 [main] INFO  o.s.c.g.r.RouteDefinitionRouteLocator - Loaded RoutePredicateFactory [Method]
2026-05-30 08:15:15 [main] INFO  o.s.c.g.r.RouteDefinitionRouteLocator - Loaded RoutePredicateFactory [Path]
2026-05-30 08:15:15 [main] INFO  o.s.c.g.r.RouteDefinitionRouteLocator - Loaded RoutePredicateFactory [Query]
2026-05-30 08:15:15 [main] INFO  o.s.c.g.r.RouteDefinitionRouteLocator - Loaded RoutePredicateFactory [ReadBody]
2026-05-30 08:15:15 [main] INFO  o.s.c.g.r.RouteDefinitionRouteLocator - Loaded RoutePredicateFactory [RemoteAddr]
2026-05-30 08:15:15 [main] INFO  o.s.c.g.r.RouteDefinitionRouteLocator - Loaded RoutePredicateFactory [XForwardedRemoteAddr]
2026-05-30 08:15:15 [main] INFO  o.s.c.g.r.RouteDefinitionRouteLocator - Loaded RoutePredicateFactory [Weight]
2026-05-30 08:15:15 [main] INFO  o.s.c.g.r.RouteDefinitionRouteLocator - Loaded RoutePredicateFactory [CloudFoundryRouteService]
2026-05-30 08:15:16 [main] INFO  o.s.b.a.e.web.EndpointLinksResolver - Exposing 17 endpoint(s) beneath base path '/actuator'
2026-05-30 08:15:16 [main] INFO  o.s.c.n.e.c.DiscoveryClientOptionalArgsConfiguration - Eureka HTTP Client uses RestTemplate.
2026-05-30 08:15:16 [main] WARN  o.s.c.l.c.LoadBalancerCacheAutoConfiguration$LoadBalancerCaffeineWarnLogger - Spring Cloud LoadBalancer is currently working with the default cache. While this cache implementation is useful for development and tests, it's recommended to use Caffeine cache in production.You can switch to using Caffeine cache, by adding it and org.springframework.cache.caffeine.CaffeineCacheManager to the classpath.
2026-05-30 08:15:16 [main] INFO  o.s.c.n.eureka.InstanceInfoFactory - Setting initial instance status as: STARTING
2026-05-30 08:15:16 [main] INFO  c.netflix.discovery.DiscoveryClient - Initializing Eureka in region us-east-1
2026-05-30 08:15:16 [main] INFO  c.n.d.s.r.aws.ConfigClusterResolver - Resolving eureka endpoints via configuration
2026-05-30 08:15:16 [main] INFO  c.netflix.discovery.DiscoveryClient - Disable delta property : false
2026-05-30 08:15:16 [main] INFO  c.netflix.discovery.DiscoveryClient - Single vip registry refresh property : null
2026-05-30 08:15:16 [main] INFO  c.netflix.discovery.DiscoveryClient - Force full registry fetch : false
2026-05-30 08:15:16 [main] INFO  c.netflix.discovery.DiscoveryClient - Application is null : false
2026-05-30 08:15:16 [main] INFO  c.netflix.discovery.DiscoveryClient - Registered Applications size is zero : true
2026-05-30 08:15:16 [main] INFO  c.netflix.discovery.DiscoveryClient - Application version is -1: true
2026-05-30 08:15:16 [main] INFO  c.netflix.discovery.DiscoveryClient - Getting all instance registry info from the eureka server
2026-05-30 08:15:17 [main] INFO  c.netflix.discovery.DiscoveryClient - The response status is 200
2026-05-30 08:15:17 [main] INFO  c.netflix.discovery.DiscoveryClient - Starting heartbeat executor: renew interval is: 30
2026-05-30 08:15:17 [main] INFO  c.n.discovery.InstanceInfoReplicator - InstanceInfoReplicator onDemand update allowed rate per min is 4
2026-05-30 08:15:17 [main] INFO  c.netflix.discovery.DiscoveryClient - Discovery Client initialized at timestamp 1780109117253 with initial instances count: 0
2026-05-30 08:15:17 [main] INFO  o.s.c.n.e.s.EurekaServiceRegistry - Registering application API-GATEWAY with eureka with status UP
2026-05-30 08:15:17 [main] INFO  c.netflix.discovery.DiscoveryClient - Saw local status change event StatusChangeEvent [timestamp=1780109117257, current=UP, previous=STARTING]
2026-05-30 08:15:17 [DiscoveryClient-InstanceInfoReplicator-0] INFO  c.netflix.discovery.DiscoveryClient - DiscoveryClient_API-GATEWAY/Gujjar.mshome.net:api-gateway:8080: registering service...
2026-05-30 08:15:17 [DiscoveryClient-InstanceInfoReplicator-0] INFO  c.netflix.discovery.DiscoveryClient - DiscoveryClient_API-GATEWAY/Gujjar.mshome.net:api-gateway:8080 - registration status: 204
2026-05-30 08:15:17 [main] INFO  o.s.b.w.e.netty.NettyWebServer - Netty started on port 8080
2026-05-30 08:15:17 [main] INFO  o.s.c.n.e.s.EurekaAutoServiceRegistration - Updating port to 8080
2026-05-30 08:15:17 [main] INFO  c.f.gateway.ApiGatewayApplication - Started ApiGatewayApplication in 5.575 seconds (process running for 6.401)
2026-05-30 08:15:22 [DiscoveryClient-CacheRefreshExecutor-0] INFO  c.netflix.discovery.DiscoveryClient - Disable delta property : false
2026-05-30 08:15:22 [DiscoveryClient-CacheRefreshExecutor-0] INFO  c.netflix.discovery.DiscoveryClient - Single vip registry refresh property : null
2026-05-30 08:15:22 [DiscoveryClient-CacheRefreshExecutor-0] INFO  c.netflix.discovery.DiscoveryClient - Force full registry fetch : false
2026-05-30 08:15:22 [DiscoveryClient-CacheRefreshExecutor-0] INFO  c.netflix.discovery.DiscoveryClient - Application is null : false
2026-05-30 08:15:22 [DiscoveryClient-CacheRefreshExecutor-0] INFO  c.netflix.discovery.DiscoveryClient - Registered Applications size is zero : true
2026-05-30 08:15:22 [DiscoveryClient-CacheRefreshExecutor-0] INFO  c.netflix.discovery.DiscoveryClient - Application version is -1: false
2026-05-30 08:15:22 [DiscoveryClient-CacheRefreshExecutor-0] INFO  c.netflix.discovery.DiscoveryClient - Getting all instance registry info from the eureka server
2026-05-30 08:15:22 [DiscoveryClient-CacheRefreshExecutor-0] INFO  c.netflix.discovery.DiscoveryClient - The response status is 200
2026-05-30 08:15:27 [DiscoveryClient-CacheRefreshExecutor-0] INFO  c.netflix.discovery.DiscoveryClient - Disable delta property : false
2026-05-30 08:15:27 [DiscoveryClient-CacheRefreshExecutor-0] INFO  c.netflix.discovery.DiscoveryClient - Single vip registry refresh property : null
2026-05-30 08:15:27 [DiscoveryClient-CacheRefreshExecutor-0] INFO  c.netflix.discovery.DiscoveryClient - Force full registry fetch : false
2026-05-30 08:15:27 [DiscoveryClient-CacheRefreshExecutor-0] INFO  c.netflix.discovery.DiscoveryClient - Application is null : false
2026-05-30 08:15:27 [DiscoveryClient-CacheRefreshExecutor-0] INFO  c.netflix.discovery.DiscoveryClient - Registered Applications size is zero : true
2026-05-30 08:15:27 [DiscoveryClient-CacheRefreshExecutor-0] INFO  c.netflix.discovery.DiscoveryClient - Application version is -1: false
2026-05-30 08:15:27 [DiscoveryClient-CacheRefreshExecutor-0] INFO  c.netflix.discovery.DiscoveryClient - Getting all instance registry info from the eureka server
2026-05-30 08:15:27 [DiscoveryClient-CacheRefreshExecutor-0] INFO  c.netflix.discovery.DiscoveryClient - The response status is 200
2026-05-30 08:15:32 [DiscoveryClient-CacheRefreshExecutor-0] INFO  c.netflix.discovery.DiscoveryClient - Disable delta property : false
2026-05-30 08:15:32 [DiscoveryClient-CacheRefreshExecutor-0] INFO  c.netflix.discovery.DiscoveryClient - Single vip registry refresh property : null
2026-05-30 08:15:32 [DiscoveryClient-CacheRefreshExecutor-0] INFO  c.netflix.discovery.DiscoveryClient - Force full registry fetch : false
2026-05-30 08:15:32 [DiscoveryClient-CacheRefreshExecutor-0] INFO  c.netflix.discovery.DiscoveryClient - Application is null : false
2026-05-30 08:15:32 [DiscoveryClient-CacheRefreshExecutor-0] INFO  c.netflix.discovery.DiscoveryClient - Registered Applications size is zero : true
2026-05-30 08:15:32 [DiscoveryClient-CacheRefreshExecutor-0] INFO  c.netflix.discovery.DiscoveryClient - Application version is -1: false
2026-05-30 08:15:32 [DiscoveryClient-CacheRefreshExecutor-0] INFO  c.netflix.discovery.DiscoveryClient - Getting all instance registry info from the eureka server
2026-05-30 08:15:32 [DiscoveryClient-CacheRefreshExecutor-0] INFO  c.netflix.discovery.DiscoveryClient - The response status is 200
2026-05-30 08:18:29 [parallel-8] WARN  i.n.r.d.DefaultDnsServerAddressStreamProvider - Default DNS servers: [/[2001:4860:4860:0:0:0:0:8888]:53, /[2001:4860:4860:0:0:0:0:8844]:53] (Google Public DNS as a fallback)
2026-05-30 08:20:16 [AsyncResolver-bootstrap-executor-0] INFO  c.n.d.s.r.aws.ConfigClusterResolver - Resolving eureka endpoints via configuration
2026-05-30 08:25:16 [AsyncResolver-bootstrap-executor-0] INFO  c.n.d.s.r.aws.ConfigClusterResolver - Resolving eureka endpoints via configuration
2026-05-30 08:30:16 [AsyncResolver-bootstrap-executor-0] INFO  c.n.d.s.r.aws.ConfigClusterResolver - Resolving eureka endpoints via configuration
2026-05-30 08:39:13 [AsyncResolver-bootstrap-executor-0] INFO  c.n.d.s.r.aws.ConfigClusterResolver - Resolving eureka endpoints via configuration
2026-05-30 08:44:13 [AsyncResolver-bootstrap-executor-0] INFO  c.n.d.s.r.aws.ConfigClusterResolver - Resolving eureka endpoints via configuration
2026-05-30 08:49:13 [AsyncResolver-bootstrap-executor-0] INFO  c.n.d.s.r.aws.ConfigClusterResolver - Resolving eureka endpoints via configuration
2026-05-30 08:54:13 [AsyncResolver-bootstrap-executor-0] INFO  c.n.d.s.r.aws.ConfigClusterResolver - Resolving eureka endpoints via configuration
2026-05-30 08:59:13 [AsyncResolver-bootstrap-executor-0] INFO  c.n.d.s.r.aws.ConfigClusterResolver - Resolving eureka endpoints via configuration
2026-05-30 09:04:13 [AsyncResolver-bootstrap-executor-0] INFO  c.n.d.s.r.aws.ConfigClusterResolver - Resolving eureka endpoints via configuration
2026-05-30 09:09:13 [AsyncResolver-bootstrap-executor-0] INFO  c.n.d.s.r.aws.ConfigClusterResolver - Resolving eureka endpoints via configuration
2026-05-30 09:14:13 [AsyncResolver-bootstrap-executor-0] INFO  c.n.d.s.r.aws.ConfigClusterResolver - Resolving eureka endpoints via configuration
2026-05-30 09:19:13 [AsyncResolver-bootstrap-executor-0] INFO  c.n.d.s.r.aws.ConfigClusterResolver - Resolving eureka endpoints via configuration
2026-05-30 09:24:13 [AsyncResolver-bootstrap-executor-0] INFO  c.n.d.s.r.aws.ConfigClusterResolver - Resolving eureka endpoints via configuration
2026-05-30 09:29:13 [AsyncResolver-bootstrap-executor-0] INFO  c.n.d.s.r.aws.ConfigClusterResolver - Resolving eureka endpoints via configuration
2026-05-30 09:34:13 [AsyncResolver-bootstrap-executor-0] INFO  c.n.d.s.r.aws.ConfigClusterResolver - Resolving eureka endpoints via configuration
2026-05-30 09:39:13 [AsyncResolver-bootstrap-executor-0] INFO  c.n.d.s.r.aws.ConfigClusterResolver - Resolving eureka endpoints via configuration
2026-05-30 09:44:13 [AsyncResolver-bootstrap-executor-0] INFO  c.n.d.s.r.aws.ConfigClusterResolver - Resolving eureka endpoints via configuration
2026-05-30 09:49:13 [AsyncResolver-bootstrap-executor-0] INFO  c.n.d.s.r.aws.ConfigClusterResolver - Resolving eureka endpoints via configuration
2026-05-30 09:54:13 [AsyncResolver-bootstrap-executor-0] INFO  c.n.d.s.r.aws.ConfigClusterResolver - Resolving eureka endpoints via configuration
2026-05-30 09:59:13 [AsyncResolver-bootstrap-executor-0] INFO  c.n.d.s.r.aws.ConfigClusterResolver - Resolving eureka endpoints via configuration
2026-05-30 10:04:13 [AsyncResolver-bootstrap-executor-0] INFO  c.n.d.s.r.aws.ConfigClusterResolver - Resolving eureka endpoints via configuration
2026-05-30 10:09:13 [AsyncResolver-bootstrap-executor-0] INFO  c.n.d.s.r.aws.ConfigClusterResolver - Resolving eureka endpoints via configuration
2026-05-30 10:14:13 [AsyncResolver-bootstrap-executor-0] INFO  c.n.d.s.r.aws.ConfigClusterResolver - Resolving eureka endpoints via configuration
2026-05-30 10:19:13 [AsyncResolver-bootstrap-executor-0] INFO  c.n.d.s.r.aws.ConfigClusterResolver - Resolving eureka endpoints via configuration
2026-05-30 10:24:13 [AsyncResolver-bootstrap-executor-0] INFO  c.n.d.s.r.aws.ConfigClusterResolver - Resolving eureka endpoints via configuration
2026-05-30 10:29:13 [AsyncResolver-bootstrap-executor-0] INFO  c.n.d.s.r.aws.ConfigClusterResolver - Resolving eureka endpoints via configuration
2026-05-30 10:34:13 [AsyncResolver-bootstrap-executor-0] INFO  c.n.d.s.r.aws.ConfigClusterResolver - Resolving eureka endpoints via configuration
2026-05-30 10:39:13 [AsyncResolver-bootstrap-executor-0] INFO  c.n.d.s.r.aws.ConfigClusterResolver - Resolving eureka endpoints via configuration
2026-05-30 10:40:23 [RMI TCP Connection(152)-127.0.0.1] INFO  o.s.b.a.SpringApplicationAdminMXBeanRegistrar$SpringApplicationAdmin - Application shutdown requested.
2026-05-30 10:40:23 [RMI TCP Connection(152)-127.0.0.1] INFO  o.s.c.n.e.s.EurekaServiceRegistry - Unregistering application API-GATEWAY with eureka with status DOWN
2026-05-30 10:40:23 [RMI TCP Connection(152)-127.0.0.1] INFO  c.netflix.discovery.DiscoveryClient - Saw local status change event StatusChangeEvent [timestamp=1780117823354, current=DOWN, previous=UP]
2026-05-30 10:40:23 [DiscoveryClient-InstanceInfoReplicator-0] INFO  c.netflix.discovery.DiscoveryClient - DiscoveryClient_API-GATEWAY/Gujjar.mshome.net:api-gateway:8080: registering service...
2026-05-30 10:40:23 [DiscoveryClient-InstanceInfoReplicator-0] INFO  c.n.d.s.t.d.RedirectingEurekaHttpClient - Request execution error. endpoint=DefaultEndpoint{ serviceUrl='http://localhost:8761/eureka/} exception=I/O error on POST request for "http://localhost:8761/eureka/apps/API-GATEWAY": Connect to http://localhost:8761 [localhost/127.0.0.1, localhost/0:0:0:0:0:0:0:1] failed: Connection refused: getsockopt stacktrace=org.springframework.web.client.ResourceAccessException: I/O error on POST request for "http://localhost:8761/eureka/apps/API-GATEWAY": Connect to http://localhost:8761 [localhost/127.0.0.1, localhost/0:0:0:0:0:0:0:1] failed: Connection refused: getsockopt
	at org.springframework.web.client.RestTemplate.createResourceAccessException(RestTemplate.java:915)
	at org.springframework.web.client.RestTemplate.doExecute(RestTemplate.java:895)
	at org.springframework.web.client.RestTemplate.execute(RestTemplate.java:790)
	at org.springframework.web.client.RestTemplate.exchange(RestTemplate.java:672)
	at org.springframework.cloud.netflix.eureka.http.RestTemplateEurekaHttpClient.register(RestTemplateEurekaHttpClient.java:77)
	at com.netflix.discovery.shared.transport.decorator.EurekaHttpClientDecorator$1.execute(EurekaHttpClientDecorator.java:59)
	at com.netflix.discovery.shared.transport.decorator.RedirectingEurekaHttpClient.execute(RedirectingEurekaHttpClient.java:91)
	at com.netflix.discovery.shared.transport.decorator.EurekaHttpClientDecorator.register(EurekaHttpClientDecorator.java:56)
	at com.netflix.discovery.shared.transport.decorator.EurekaHttpClientDecorator$1.execute(EurekaHttpClientDecorator.java:59)
	at com.netflix.discovery.shared.transport.decorator.RetryableEurekaHttpClient.execute(RetryableEurekaHttpClient.java:120)
	at com.netflix.discovery.shared.transport.decorator.EurekaHttpClientDecorator.register(EurekaHttpClientDecorator.java:56)
	at com.netflix.discovery.shared.transport.decorator.EurekaHttpClientDecorator$1.execute(EurekaHttpClientDecorator.java:59)
	at com.netflix.discovery.shared.transport.decorator.SessionedEurekaHttpClient.execute(SessionedEurekaHttpClient.java:77)
	at com.netflix.discovery.shared.transport.decorator.EurekaHttpClientDecorator.register(EurekaHttpClientDecorator.java:56)
	at com.netflix.discovery.DiscoveryClient.register(DiscoveryClient.java:820)
	at com.netflix.discovery.InstanceInfoReplicator.run(InstanceInfoReplicator.java:121)
	at com.netflix.discovery.InstanceInfoReplicator$1.run(InstanceInfoReplicator.java:101)
	at java.base/java.util.concurrent.Executors$RunnableAdapter.call(Executors.java:545)
	at java.base/java.util.concurrent.FutureTask.run(FutureTask.java:328)
	at java.base/java.util.concurrent.ScheduledThreadPoolExecutor$ScheduledFutureTask.run(ScheduledThreadPoolExecutor.java:309)
	at java.base/java.util.concurrent.ThreadPoolExecutor.runWorker(ThreadPoolExecutor.java:1090)
	at java.base/java.util.concurrent.ThreadPoolExecutor$Worker.run(ThreadPoolExecutor.java:614)
	at java.base/java.lang.Thread.run(Thread.java:1474)
Caused by: org.apache.hc.client5.http.HttpHostConnectException: Connect to http://localhost:8761 [localhost/127.0.0.1, localhost/0:0:0:0:0:0:0:1] failed: Connection refused: getsockopt
	at java.base/sun.nio.ch.Net.pollConnect(Native Method)
	at java.base/sun.nio.ch.Net.pollConnectNow(Net.java:639)
	at java.base/sun.nio.ch.NioSocketImpl.timedFinishConnect(NioSocketImpl.java:543)
	at java.base/sun.nio.ch.NioSocketImpl.connect(NioSocketImpl.java:594)
	at java.base/java.net.SocksSocketImpl.connect(SocksSocketImpl.java:284)
	at java.base/java.net.Socket.connect(Socket.java:659)
	at org.apache.hc.client5.http.socket.PlainConnectionSocketFactory.lambda$connectSocket$0(PlainConnectionSocketFactory.java:91)
	at java.base/java.security.AccessController.doPrivileged(AccessController.java:251)
	at org.apache.hc.client5.http.socket.PlainConnectionSocketFactory.connectSocket(PlainConnectionSocketFactory.java:90)
	at org.apache.hc.client5.http.socket.ConnectionSocketFactory.connectSocket(ConnectionSocketFactory.java:123)
	at org.apache.hc.client5.http.impl.io.DefaultHttpClientConnectionOperator.connect(DefaultHttpClientConnectionOperator.java:184)
	at org.apache.hc.client5.http.impl.io.PoolingHttpClientConnectionManager.connect(PoolingHttpClientConnectionManager.java:447)
	at org.apache.hc.client5.http.impl.classic.InternalExecRuntime.connectEndpoint(InternalExecRuntime.java:162)
	at org.apache.hc.client5.http.impl.classic.InternalExecRuntime.connectEndpoint(InternalExecRuntime.java:172)
	at org.apache.hc.client5.http.impl.classic.ConnectExec.execute(ConnectExec.java:142)
	at org.apache.hc.client5.http.impl.classic.ExecChainElement.execute(ExecChainElement.java:51)
	at org.apache.hc.client5.http.impl.classic.ProtocolExec.execute(ProtocolExec.java:192)
	at org.apache.hc.client5.http.impl.classic.ExecChainElement.execute(ExecChainElement.java:51)
	at org.apache.hc.client5.http.impl.classic.HttpRequestRetryExec.execute(HttpRequestRetryExec.java:96)
	at org.apache.hc.client5.http.impl.classic.ExecChainElement.execute(ExecChainElement.java:51)
	at org.apache.hc.client5.http.impl.classic.ContentCompressionExec.execute(ContentCompressionExec.java:152)
	at org.apache.hc.client5.http.impl.classic.ExecChainElement.execute(ExecChainElement.java:51)
	at org.apache.hc.client5.http.impl.classic.RedirectExec.execute(RedirectExec.java:115)
	at org.apache.hc.client5.http.impl.classic.ExecChainElement.execute(ExecChainElement.java:51)
	at org.apache.hc.client5.http.impl.classic.InternalHttpClient.doExecute(InternalHttpClient.java:170)
	at org.apache.hc.client5.http.impl.classic.CloseableHttpClient.execute(CloseableHttpClient.java:87)
	at org.apache.hc.client5.http.impl.classic.CloseableHttpClient.execute(CloseableHttpClient.java:55)
	at org.apache.hc.client5.http.classic.HttpClient.executeOpen(HttpClient.java:183)
	at org.springframework.http.client.HttpComponentsClientHttpRequest.executeInternal(HttpComponentsClientHttpRequest.java:95)
	at org.springframework.http.client.AbstractStreamingClientHttpRequest.executeInternal(AbstractStreamingClientHttpRequest.java:70)
	at org.springframework.http.client.AbstractClientHttpRequest.execute(AbstractClientHttpRequest.java:66)
	at org.springframework.http.client.InterceptingClientHttpRequest$InterceptingRequestExecution.execute(InterceptingClientHttpRequest.java:112)
	at org.springframework.cloud.netflix.eureka.http.RestTemplateTransportClientFactory.lambda$restTemplate$0(RestTemplateTransportClientFactory.java:143)
	at org.springframework.http.client.InterceptingClientHttpRequest$InterceptingRequestExecution.execute(InterceptingClientHttpRequest.java:88)
	at org.springframework.http.client.InterceptingClientHttpRequest.executeInternal(InterceptingClientHttpRequest.java:72)
	at org.springframework.http.client.AbstractBufferingClientHttpRequest.executeInternal(AbstractBufferingClientHttpRequest.java:48)
	at org.springframework.http.client.AbstractClientHttpRequest.execute(AbstractClientHttpRequest.java:66)
	at org.springframework.web.client.RestTemplate.doExecute(RestTemplate.java:889)
	... 21 more

2026-05-30 10:40:23 [DiscoveryClient-InstanceInfoReplicator-0] WARN  c.n.d.s.t.d.RetryableEurekaHttpClient - Request execution failed with message: I/O error on POST request for "http://localhost:8761/eureka/apps/API-GATEWAY": Connect to http://localhost:8761 [localhost/127.0.0.1, localhost/0:0:0:0:0:0:0:1] failed: Connection refused: getsockopt
2026-05-30 10:40:23 [DiscoveryClient-InstanceInfoReplicator-0] INFO  c.n.d.s.t.d.RedirectingEurekaHttpClient - Request execution error. endpoint=DefaultEndpoint{ serviceUrl='http://localhost:8761/eureka/}, exception=I/O error on POST request for "http://localhost:8761/eureka/apps/API-GATEWAY": Connect to http://localhost:8761 [localhost/127.0.0.1, localhost/0:0:0:0:0:0:0:1] failed: Connection refused: getsockopt stacktrace=org.springframework.web.client.ResourceAccessException: I/O error on POST request for "http://localhost:8761/eureka/apps/API-GATEWAY": Connect to http://localhost:8761 [localhost/127.0.0.1, localhost/0:0:0:0:0:0:0:1] failed: Connection refused: getsockopt
	at org.springframework.web.client.RestTemplate.createResourceAccessException(RestTemplate.java:915)
	at org.springframework.web.client.RestTemplate.doExecute(RestTemplate.java:895)
	at org.springframework.web.client.RestTemplate.execute(RestTemplate.java:790)
	at org.springframework.web.client.RestTemplate.exchange(RestTemplate.java:672)
	at org.springframework.cloud.netflix.eureka.http.RestTemplateEurekaHttpClient.register(RestTemplateEurekaHttpClient.java:77)
	at com.netflix.discovery.shared.transport.decorator.EurekaHttpClientDecorator$1.execute(EurekaHttpClientDecorator.java:59)
	at com.netflix.discovery.shared.transport.decorator.RedirectingEurekaHttpClient.executeOnNewServer(RedirectingEurekaHttpClient.java:121)
	at com.netflix.discovery.shared.transport.decorator.RedirectingEurekaHttpClient.execute(RedirectingEurekaHttpClient.java:80)
	at com.netflix.discovery.shared.transport.decorator.EurekaHttpClientDecorator.register(EurekaHttpClientDecorator.java:56)
	at com.netflix.discovery.shared.transport.decorator.EurekaHttpClientDecorator$1.execute(EurekaHttpClientDecorator.java:59)
	at com.netflix.discovery.shared.transport.decorator.RetryableEurekaHttpClient.execute(RetryableEurekaHttpClient.java:120)
	at com.netflix.discovery.shared.transport.decorator.EurekaHttpClientDecorator.register(EurekaHttpClientDecorator.java:56)
	at com.netflix.discovery.shared.transport.decorator.EurekaHttpClientDecorator$1.execute(EurekaHttpClientDecorator.java:59)
	at com.netflix.discovery.shared.transport.decorator.SessionedEurekaHttpClient.execute(SessionedEurekaHttpClient.java:77)
	at com.netflix.discovery.shared.transport.decorator.EurekaHttpClientDecorator.register(EurekaHttpClientDecorator.java:56)
	at com.netflix.discovery.DiscoveryClient.register(DiscoveryClient.java:820)
	at com.netflix.discovery.InstanceInfoReplicator.run(InstanceInfoReplicator.java:121)
	at com.netflix.discovery.InstanceInfoReplicator$1.run(InstanceInfoReplicator.java:101)
	at java.base/java.util.concurrent.Executors$RunnableAdapter.call(Executors.java:545)
	at java.base/java.util.concurrent.FutureTask.run(FutureTask.java:328)
	at java.base/java.util.concurrent.ScheduledThreadPoolExecutor$ScheduledFutureTask.run(ScheduledThreadPoolExecutor.java:309)
	at java.base/java.util.concurrent.ThreadPoolExecutor.runWorker(ThreadPoolExecutor.java:1090)
	at java.base/java.util.concurrent.ThreadPoolExecutor$Worker.run(ThreadPoolExecutor.java:614)
	at java.base/java.lang.Thread.run(Thread.java:1474)
Caused by: org.apache.hc.client5.http.HttpHostConnectException: Connect to http://localhost:8761 [localhost/127.0.0.1, localhost/0:0:0:0:0:0:0:1] failed: Connection refused: getsockopt
	at java.base/sun.nio.ch.Net.pollConnect(Native Method)
	at java.base/sun.nio.ch.Net.pollConnectNow(Net.java:639)
	at java.base/sun.nio.ch.NioSocketImpl.timedFinishConnect(NioSocketImpl.java:543)
	at java.base/sun.nio.ch.NioSocketImpl.connect(NioSocketImpl.java:594)
	at java.base/java.net.SocksSocketImpl.connect(SocksSocketImpl.java:284)
	at java.base/java.net.Socket.connect(Socket.java:659)
	at org.apache.hc.client5.http.socket.PlainConnectionSocketFactory.lambda$connectSocket$0(PlainConnectionSocketFactory.java:91)
	at java.base/java.security.AccessController.doPrivileged(AccessController.java:251)
	at org.apache.hc.client5.http.socket.PlainConnectionSocketFactory.connectSocket(PlainConnectionSocketFactory.java:90)
	at org.apache.hc.client5.http.socket.ConnectionSocketFactory.connectSocket(ConnectionSocketFactory.java:123)
	at org.apache.hc.client5.http.impl.io.DefaultHttpClientConnectionOperator.connect(DefaultHttpClientConnectionOperator.java:184)
	at org.apache.hc.client5.http.impl.io.PoolingHttpClientConnectionManager.connect(PoolingHttpClientConnectionManager.java:447)
	at org.apache.hc.client5.http.impl.classic.InternalExecRuntime.connectEndpoint(InternalExecRuntime.java:162)
	at org.apache.hc.client5.http.impl.classic.InternalExecRuntime.connectEndpoint(InternalExecRuntime.java:172)
	at org.apache.hc.client5.http.impl.classic.ConnectExec.execute(ConnectExec.java:142)
	at org.apache.hc.client5.http.impl.classic.ExecChainElement.execute(ExecChainElement.java:51)
	at org.apache.hc.client5.http.impl.classic.ProtocolExec.execute(ProtocolExec.java:192)
	at org.apache.hc.client5.http.impl.classic.ExecChainElement.execute(ExecChainElement.java:51)
	at org.apache.hc.client5.http.impl.classic.HttpRequestRetryExec.execute(HttpRequestRetryExec.java:96)
	at org.apache.hc.client5.http.impl.classic.ExecChainElement.execute(ExecChainElement.java:51)
	at org.apache.hc.client5.http.impl.classic.ContentCompressionExec.execute(ContentCompressionExec.java:152)
	at org.apache.hc.client5.http.impl.classic.ExecChainElement.execute(ExecChainElement.java:51)
	at org.apache.hc.client5.http.impl.classic.RedirectExec.execute(RedirectExec.java:115)
	at org.apache.hc.client5.http.impl.classic.ExecChainElement.execute(ExecChainElement.java:51)
	at org.apache.hc.client5.http.impl.classic.InternalHttpClient.doExecute(InternalHttpClient.java:170)
	at org.apache.hc.client5.http.impl.classic.CloseableHttpClient.execute(CloseableHttpClient.java:87)
	at org.apache.hc.client5.http.impl.classic.CloseableHttpClient.execute(CloseableHttpClient.java:55)
	at org.apache.hc.client5.http.classic.HttpClient.executeOpen(HttpClient.java:183)
	at org.springframework.http.client.HttpComponentsClientHttpRequest.executeInternal(HttpComponentsClientHttpRequest.java:95)
	at org.springframework.http.client.AbstractStreamingClientHttpRequest.executeInternal(AbstractStreamingClientHttpRequest.java:70)
	at org.springframework.http.client.AbstractClientHttpRequest.execute(AbstractClientHttpRequest.java:66)
	at org.springframework.http.client.InterceptingClientHttpRequest$InterceptingRequestExecution.execute(InterceptingClientHttpRequest.java:112)
	at org.springframework.cloud.netflix.eureka.http.RestTemplateTransportClientFactory.lambda$restTemplate$0(RestTemplateTransportClientFactory.java:143)
	at org.springframework.http.client.InterceptingClientHttpRequest$InterceptingRequestExecution.execute(InterceptingClientHttpRequest.java:88)
	at org.springframework.http.client.InterceptingClientHttpRequest.executeInternal(InterceptingClientHttpRequest.java:72)
	at org.springframework.http.client.AbstractBufferingClientHttpRequest.executeInternal(AbstractBufferingClientHttpRequest.java:48)
	at org.springframework.http.client.AbstractClientHttpRequest.execute(AbstractClientHttpRequest.java:66)
	at org.springframework.web.client.RestTemplate.doExecute(RestTemplate.java:889)
	... 22 more

2026-05-30 10:40:23 [DiscoveryClient-InstanceInfoReplicator-0] WARN  c.n.d.s.t.d.RetryableEurekaHttpClient - Request execution failed with message: I/O error on POST request for "http://localhost:8761/eureka/apps/API-GATEWAY": Connect to http://localhost:8761 [localhost/127.0.0.1, localhost/0:0:0:0:0:0:0:1] failed: Connection refused: getsockopt
2026-05-30 10:40:23 [DiscoveryClient-InstanceInfoReplicator-0] WARN  c.netflix.discovery.DiscoveryClient - DiscoveryClient_API-GATEWAY/Gujjar.mshome.net:api-gateway:8080 - registration failed Cannot execute request on any known server
com.netflix.discovery.shared.transport.TransportException: Cannot execute request on any known server
	at com.netflix.discovery.shared.transport.decorator.RetryableEurekaHttpClient.execute(RetryableEurekaHttpClient.java:112)
	at com.netflix.discovery.shared.transport.decorator.EurekaHttpClientDecorator.register(EurekaHttpClientDecorator.java:56)
	at com.netflix.discovery.shared.transport.decorator.EurekaHttpClientDecorator$1.execute(EurekaHttpClientDecorator.java:59)
	at com.netflix.discovery.shared.transport.decorator.SessionedEurekaHttpClient.execute(SessionedEurekaHttpClient.java:77)
	at com.netflix.discovery.shared.transport.decorator.EurekaHttpClientDecorator.register(EurekaHttpClientDecorator.java:56)
	at com.netflix.discovery.DiscoveryClient.register(DiscoveryClient.java:820)
	at com.netflix.discovery.InstanceInfoReplicator.run(InstanceInfoReplicator.java:121)
	at com.netflix.discovery.InstanceInfoReplicator$1.run(InstanceInfoReplicator.java:101)
	at java.base/java.util.concurrent.Executors$RunnableAdapter.call(Executors.java:545)
	at java.base/java.util.concurrent.FutureTask.run(FutureTask.java:328)
	at java.base/java.util.concurrent.ScheduledThreadPoolExecutor$ScheduledFutureTask.run(ScheduledThreadPoolExecutor.java:309)
	at java.base/java.util.concurrent.ThreadPoolExecutor.runWorker(ThreadPoolExecutor.java:1090)
	at java.base/java.util.concurrent.ThreadPoolExecutor$Worker.run(ThreadPoolExecutor.java:614)
	at java.base/java.lang.Thread.run(Thread.java:1474)
2026-05-30 10:40:23 [DiscoveryClient-InstanceInfoReplicator-0] WARN  c.n.discovery.InstanceInfoReplicator - There was a problem with the instance info replicator
com.netflix.discovery.shared.transport.TransportException: Cannot execute request on any known server
	at com.netflix.discovery.shared.transport.decorator.RetryableEurekaHttpClient.execute(RetryableEurekaHttpClient.java:112)
	at com.netflix.discovery.shared.transport.decorator.EurekaHttpClientDecorator.register(EurekaHttpClientDecorator.java:56)
	at com.netflix.discovery.shared.transport.decorator.EurekaHttpClientDecorator$1.execute(EurekaHttpClientDecorator.java:59)
	at com.netflix.discovery.shared.transport.decorator.SessionedEurekaHttpClient.execute(SessionedEurekaHttpClient.java:77)
	at com.netflix.discovery.shared.transport.decorator.EurekaHttpClientDecorator.register(EurekaHttpClientDecorator.java:56)
	at com.netflix.discovery.DiscoveryClient.register(DiscoveryClient.java:820)
	at com.netflix.discovery.InstanceInfoReplicator.run(InstanceInfoReplicator.java:121)
	at com.netflix.discovery.InstanceInfoReplicator$1.run(InstanceInfoReplicator.java:101)
	at java.base/java.util.concurrent.Executors$RunnableAdapter.call(Executors.java:545)
	at java.base/java.util.concurrent.FutureTask.run(FutureTask.java:328)
	at java.base/java.util.concurrent.ScheduledThreadPoolExecutor$ScheduledFutureTask.run(ScheduledThreadPoolExecutor.java:309)
	at java.base/java.util.concurrent.ThreadPoolExecutor.runWorker(ThreadPoolExecutor.java:1090)
	at java.base/java.util.concurrent.ThreadPoolExecutor$Worker.run(ThreadPoolExecutor.java:614)
	at java.base/java.lang.Thread.run(Thread.java:1474)
2026-05-30 10:40:25 [DiscoveryClient-CacheRefreshExecutor-0] INFO  c.n.d.s.t.d.RedirectingEurekaHttpClient - Request execution error. endpoint=DefaultEndpoint{ serviceUrl='http://localhost:8761/eureka/} exception=I/O error on GET request for "http://localhost:8761/eureka/apps/delta": Connect to http://localhost:8761 [localhost/127.0.0.1, localhost/0:0:0:0:0:0:0:1] failed: Connection refused: getsockopt stacktrace=org.springframework.web.client.ResourceAccessException: I/O error on GET request for "http://localhost:8761/eureka/apps/delta": Connect to http://localhost:8761 [localhost/127.0.0.1, localhost/0:0:0:0:0:0:0:1] failed: Connection refused: getsockopt
	at org.springframework.web.client.RestTemplate.createResourceAccessException(RestTemplate.java:915)
	at org.springframework.web.client.RestTemplate.doExecute(RestTemplate.java:895)
	at org.springframework.web.client.RestTemplate.execute(RestTemplate.java:790)
	at org.springframework.web.client.RestTemplate.exchange(RestTemplate.java:672)
	at org.springframework.cloud.netflix.eureka.http.RestTemplateEurekaHttpClient.getApplicationsInternal(RestTemplateEurekaHttpClient.java:145)
	at org.springframework.cloud.netflix.eureka.http.RestTemplateEurekaHttpClient.getDelta(RestTemplateEurekaHttpClient.java:155)
	at com.netflix.discovery.shared.transport.decorator.EurekaHttpClientDecorator$7.execute(EurekaHttpClientDecorator.java:152)
	at com.netflix.discovery.shared.transport.decorator.RedirectingEurekaHttpClient.execute(RedirectingEurekaHttpClient.java:91)
	at com.netflix.discovery.shared.transport.decorator.EurekaHttpClientDecorator.getDelta(EurekaHttpClientDecorator.java:149)
	at com.netflix.discovery.shared.transport.decorator.EurekaHttpClientDecorator$7.execute(EurekaHttpClientDecorator.java:152)
	at com.netflix.discovery.shared.transport.decorator.RetryableEurekaHttpClient.execute(RetryableEurekaHttpClient.java:120)
	at com.netflix.discovery.shared.transport.decorator.EurekaHttpClientDecorator.getDelta(EurekaHttpClientDecorator.java:149)
	at com.netflix.discovery.shared.transport.decorator.EurekaHttpClientDecorator$7.execute(EurekaHttpClientDecorator.java:152)
	at com.netflix.discovery.shared.transport.decorator.SessionedEurekaHttpClient.execute(SessionedEurekaHttpClient.java:77)
	at com.netflix.discovery.shared.transport.decorator.EurekaHttpClientDecorator.getDelta(EurekaHttpClientDecorator.java:149)
	at com.netflix.discovery.DiscoveryClient.getAndUpdateDelta(DiscoveryClient.java:1079)
	at com.netflix.discovery.DiscoveryClient.fetchRegistry(DiscoveryClient.java:960)
	at com.netflix.discovery.DiscoveryClient.refreshRegistry(DiscoveryClient.java:1475)
	at com.netflix.discovery.DiscoveryClient$CacheRefreshThread.run(DiscoveryClient.java:1442)
	at java.base/java.util.concurrent.Executors$RunnableAdapter.call(Executors.java:545)
	at java.base/java.util.concurrent.FutureTask.run(FutureTask.java:328)
	at java.base/java.util.concurrent.ThreadPoolExecutor.runWorker(ThreadPoolExecutor.java:1090)
	at java.base/java.util.concurrent.ThreadPoolExecutor$Worker.run(ThreadPoolExecutor.java:614)
	at java.base/java.lang.Thread.run(Thread.java:1474)
Caused by: org.apache.hc.client5.http.HttpHostConnectException: Connect to http://localhost:8761 [localhost/127.0.0.1, localhost/0:0:0:0:0:0:0:1] failed: Connection refused: getsockopt
	at java.base/sun.nio.ch.Net.pollConnect(Native Method)
	at java.base/sun.nio.ch.Net.pollConnectNow(Net.java:639)
	at java.base/sun.nio.ch.NioSocketImpl.timedFinishConnect(NioSocketImpl.java:543)
	at java.base/sun.nio.ch.NioSocketImpl.connect(NioSocketImpl.java:594)
	at java.base/java.net.SocksSocketImpl.connect(SocksSocketImpl.java:284)
	at java.base/java.net.Socket.connect(Socket.java:659)
	at org.apache.hc.client5.http.socket.PlainConnectionSocketFactory.lambda$connectSocket$0(PlainConnectionSocketFactory.java:91)
	at java.base/java.security.AccessController.doPrivileged(AccessController.java:251)
	at org.apache.hc.client5.http.socket.PlainConnectionSocketFactory.connectSocket(PlainConnectionSocketFactory.java:90)
	at org.apache.hc.client5.http.socket.ConnectionSocketFactory.connectSocket(ConnectionSocketFactory.java:123)
	at org.apache.hc.client5.http.impl.io.DefaultHttpClientConnectionOperator.connect(DefaultHttpClientConnectionOperator.java:184)
	at org.apache.hc.client5.http.impl.io.PoolingHttpClientConnectionManager.connect(PoolingHttpClientConnectionManager.java:447)
	at org.apache.hc.client5.http.impl.classic.InternalExecRuntime.connectEndpoint(InternalExecRuntime.java:162)
	at org.apache.hc.client5.http.impl.classic.InternalExecRuntime.connectEndpoint(InternalExecRuntime.java:172)
	at org.apache.hc.client5.http.impl.classic.ConnectExec.execute(ConnectExec.java:142)
	at org.apache.hc.client5.http.impl.classic.ExecChainElement.execute(ExecChainElement.java:51)
	at org.apache.hc.client5.http.impl.classic.ProtocolExec.execute(ProtocolExec.java:192)
	at org.apache.hc.client5.http.impl.classic.ExecChainElement.execute(ExecChainElement.java:51)
	at org.apache.hc.client5.http.impl.classic.HttpRequestRetryExec.execute(HttpRequestRetryExec.java:96)
	at org.apache.hc.client5.http.impl.classic.ExecChainElement.execute(ExecChainElement.java:51)
	at org.apache.hc.client5.http.impl.classic.ContentCompressionExec.execute(ContentCompressionExec.java:152)
	at org.apache.hc.client5.http.impl.classic.ExecChainElement.execute(ExecChainElement.java:51)
	at org.apache.hc.client5.http.impl.classic.RedirectExec.execute(RedirectExec.java:115)
	at org.apache.hc.client5.http.impl.classic.ExecChainElement.execute(ExecChainElement.java:51)
	at org.apache.hc.client5.http.impl.classic.InternalHttpClient.doExecute(InternalHttpClient.java:170)
	at org.apache.hc.client5.http.impl.classic.CloseableHttpClient.execute(CloseableHttpClient.java:87)
	at org.apache.hc.client5.http.impl.classic.CloseableHttpClient.execute(CloseableHttpClient.java:55)
	at org.apache.hc.client5.http.classic.HttpClient.executeOpen(HttpClient.java:183)
	at org.springframework.http.client.HttpComponentsClientHttpRequest.executeInternal(HttpComponentsClientHttpRequest.java:95)
	at org.springframework.http.client.AbstractStreamingClientHttpRequest.executeInternal(AbstractStreamingClientHttpRequest.java:70)
	at org.springframework.http.client.AbstractClientHttpRequest.execute(AbstractClientHttpRequest.java:66)
	at org.springframework.http.client.InterceptingClientHttpRequest$InterceptingRequestExecution.execute(InterceptingClientHttpRequest.java:112)
	at org.springframework.cloud.netflix.eureka.http.RestTemplateTransportClientFactory.lambda$restTemplate$0(RestTemplateTransportClientFactory.java:143)
	at org.springframework.http.client.InterceptingClientHttpRequest$InterceptingRequestExecution.execute(InterceptingClientHttpRequest.java:88)
	at org.springframework.http.client.InterceptingClientHttpRequest.executeInternal(InterceptingClientHttpRequest.java:72)
	at org.springframework.http.client.AbstractBufferingClientHttpRequest.executeInternal(AbstractBufferingClientHttpRequest.java:48)
	at org.springframework.http.client.AbstractClientHttpRequest.execute(AbstractClientHttpRequest.java:66)
	at org.springframework.web.client.RestTemplate.doExecute(RestTemplate.java:889)
	... 22 more

2026-05-30 10:40:25 [DiscoveryClient-CacheRefreshExecutor-0] WARN  c.n.d.s.t.d.RetryableEurekaHttpClient - Request execution failed with message: I/O error on GET request for "http://localhost:8761/eureka/apps/delta": Connect to http://localhost:8761 [localhost/127.0.0.1, localhost/0:0:0:0:0:0:0:1] failed: Connection refused: getsockopt
2026-05-30 10:40:25 [DiscoveryClient-CacheRefreshExecutor-0] INFO  c.n.d.s.t.d.RedirectingEurekaHttpClient - Request execution error. endpoint=DefaultEndpoint{ serviceUrl='http://localhost:8761/eureka/}, exception=I/O error on GET request for "http://localhost:8761/eureka/apps/delta": Connect to http://localhost:8761 [localhost/127.0.0.1, localhost/0:0:0:0:0:0:0:1] failed: Connection refused: getsockopt stacktrace=org.springframework.web.client.ResourceAccessException: I/O error on GET request for "http://localhost:8761/eureka/apps/delta": Connect to http://localhost:8761 [localhost/127.0.0.1, localhost/0:0:0:0:0:0:0:1] failed: Connection refused: getsockopt
	at org.springframework.web.client.RestTemplate.createResourceAccessException(RestTemplate.java:915)
	at org.springframework.web.client.RestTemplate.doExecute(RestTemplate.java:895)
	at org.springframework.web.client.RestTemplate.execute(RestTemplate.java:790)
	at org.springframework.web.client.RestTemplate.exchange(RestTemplate.java:672)
	at org.springframework.cloud.netflix.eureka.http.RestTemplateEurekaHttpClient.getApplicationsInternal(RestTemplateEurekaHttpClient.java:145)
	at org.springframework.cloud.netflix.eureka.http.RestTemplateEurekaHttpClient.getDelta(RestTemplateEurekaHttpClient.java:155)
	at com.netflix.discovery.shared.transport.decorator.EurekaHttpClientDecorator$7.execute(EurekaHttpClientDecorator.java:152)
	at com.netflix.discovery.shared.transport.decorator.RedirectingEurekaHttpClient.executeOnNewServer(RedirectingEurekaHttpClient.java:121)
	at com.netflix.discovery.shared.transport.decorator.RedirectingEurekaHttpClient.execute(RedirectingEurekaHttpClient.java:80)
	at com.netflix.discovery.shared.transport.decorator.EurekaHttpClientDecorator.getDelta(EurekaHttpClientDecorator.java:149)
	at com.netflix.discovery.shared.transport.decorator.EurekaHttpClientDecorator$7.execute(EurekaHttpClientDecorator.java:152)
	at com.netflix.discovery.shared.transport.decorator.RetryableEurekaHttpClient.execute(RetryableEurekaHttpClient.java:120)
	at com.netflix.discovery.shared.transport.decorator.EurekaHttpClientDecorator.getDelta(EurekaHttpClientDecorator.java:149)
	at com.netflix.discovery.shared.transport.decorator.EurekaHttpClientDecorator$7.execute(EurekaHttpClientDecorator.java:152)
	at com.netflix.discovery.shared.transport.decorator.SessionedEurekaHttpClient.execute(SessionedEurekaHttpClient.java:77)
	at com.netflix.discovery.shared.transport.decorator.EurekaHttpClientDecorator.getDelta(EurekaHttpClientDecorator.java:149)
	at com.netflix.discovery.DiscoveryClient.getAndUpdateDelta(DiscoveryClient.java:1079)
	at com.netflix.discovery.DiscoveryClient.fetchRegistry(DiscoveryClient.java:960)
	at com.netflix.discovery.DiscoveryClient.refreshRegistry(DiscoveryClient.java:1475)
	at com.netflix.discovery.DiscoveryClient$CacheRefreshThread.run(DiscoveryClient.java:1442)
	at java.base/java.util.concurrent.Executors$RunnableAdapter.call(Executors.java:545)
	at java.base/java.util.concurrent.FutureTask.run(FutureTask.java:328)
	at java.base/java.util.concurrent.ThreadPoolExecutor.runWorker(ThreadPoolExecutor.java:1090)
	at java.base/java.util.concurrent.ThreadPoolExecutor$Worker.run(ThreadPoolExecutor.java:614)
	at java.base/java.lang.Thread.run(Thread.java:1474)
Caused by: org.apache.hc.client5.http.HttpHostConnectException: Connect to http://localhost:8761 [localhost/127.0.0.1, localhost/0:0:0:0:0:0:0:1] failed: Connection refused: getsockopt
	at java.base/sun.nio.ch.Net.pollConnect(Native Method)
	at java.base/sun.nio.ch.Net.pollConnectNow(Net.java:639)
	at java.base/sun.nio.ch.NioSocketImpl.timedFinishConnect(NioSocketImpl.java:543)
	at java.base/sun.nio.ch.NioSocketImpl.connect(NioSocketImpl.java:594)
	at java.base/java.net.SocksSocketImpl.connect(SocksSocketImpl.java:284)
	at java.base/java.net.Socket.connect(Socket.java:659)
	at org.apache.hc.client5.http.socket.PlainConnectionSocketFactory.lambda$connectSocket$0(PlainConnectionSocketFactory.java:91)
	at java.base/java.security.AccessController.doPrivileged(AccessController.java:251)
	at org.apache.hc.client5.http.socket.PlainConnectionSocketFactory.connectSocket(PlainConnectionSocketFactory.java:90)
	at org.apache.hc.client5.http.socket.ConnectionSocketFactory.connectSocket(ConnectionSocketFactory.java:123)
	at org.apache.hc.client5.http.impl.io.DefaultHttpClientConnectionOperator.connect(DefaultHttpClientConnectionOperator.java:184)
	at org.apache.hc.client5.http.impl.io.PoolingHttpClientConnectionManager.connect(PoolingHttpClientConnectionManager.java:447)
	at org.apache.hc.client5.http.impl.classic.InternalExecRuntime.connectEndpoint(InternalExecRuntime.java:162)
	at org.apache.hc.client5.http.impl.classic.InternalExecRuntime.connectEndpoint(InternalExecRuntime.java:172)
	at org.apache.hc.client5.http.impl.classic.ConnectExec.execute(ConnectExec.java:142)
	at org.apache.hc.client5.http.impl.classic.ExecChainElement.execute(ExecChainElement.java:51)
	at org.apache.hc.client5.http.impl.classic.ProtocolExec.execute(ProtocolExec.java:192)
	at org.apache.hc.client5.http.impl.classic.ExecChainElement.execute(ExecChainElement.java:51)
	at org.apache.hc.client5.http.impl.classic.HttpRequestRetryExec.execute(HttpRequestRetryExec.java:96)
	at org.apache.hc.client5.http.impl.classic.ExecChainElement.execute(ExecChainElement.java:51)
	at org.apache.hc.client5.http.impl.classic.ContentCompressionExec.execute(ContentCompressionExec.java:152)
	at org.apache.hc.client5.http.impl.classic.ExecChainElement.execute(ExecChainElement.java:51)
	at org.apache.hc.client5.http.impl.classic.RedirectExec.execute(RedirectExec.java:115)
	at org.apache.hc.client5.http.impl.classic.ExecChainElement.execute(ExecChainElement.java:51)
	at org.apache.hc.client5.http.impl.classic.InternalHttpClient.doExecute(InternalHttpClient.java:170)
	at org.apache.hc.client5.http.impl.classic.CloseableHttpClient.execute(CloseableHttpClient.java:87)
	at org.apache.hc.client5.http.impl.classic.CloseableHttpClient.execute(CloseableHttpClient.java:55)
	at org.apache.hc.client5.http.classic.HttpClient.executeOpen(HttpClient.java:183)
	at org.springframework.http.client.HttpComponentsClientHttpRequest.executeInternal(HttpComponentsClientHttpRequest.java:95)
	at org.springframework.http.client.AbstractStreamingClientHttpRequest.executeInternal(AbstractStreamingClientHttpRequest.java:70)
	at org.springframework.http.client.AbstractClientHttpRequest.execute(AbstractClientHttpRequest.java:66)
	at org.springframework.http.client.InterceptingClientHttpRequest$InterceptingRequestExecution.execute(InterceptingClientHttpRequest.java:112)
	at org.springframework.cloud.netflix.eureka.http.RestTemplateTransportClientFactory.lambda$restTemplate$0(RestTemplateTransportClientFactory.java:143)
	at org.springframework.http.client.InterceptingClientHttpRequest$InterceptingRequestExecution.execute(InterceptingClientHttpRequest.java:88)
	at org.springframework.http.client.InterceptingClientHttpRequest.executeInternal(InterceptingClientHttpRequest.java:72)
	at org.springframework.http.client.AbstractBufferingClientHttpRequest.executeInternal(AbstractBufferingClientHttpRequest.java:48)
	at org.springframework.http.client.AbstractClientHttpRequest.execute(AbstractClientHttpRequest.java:66)
	at org.springframework.web.client.RestTemplate.doExecute(RestTemplate.java:889)
	... 23 more

2026-05-30 10:40:25 [DiscoveryClient-CacheRefreshExecutor-0] WARN  c.n.d.s.t.d.RetryableEurekaHttpClient - Request execution failed with message: I/O error on GET request for "http://localhost:8761/eureka/apps/delta": Connect to http://localhost:8761 [localhost/127.0.0.1, localhost/0:0:0:0:0:0:0:1] failed: Connection refused: getsockopt
2026-05-30 10:40:25 [DiscoveryClient-CacheRefreshExecutor-0] INFO  c.netflix.discovery.DiscoveryClient - DiscoveryClient_API-GATEWAY/Gujjar.mshome.net:api-gateway:8080 - was unable to refresh its cache! This periodic background refresh will be retried in 5 seconds. status = Cannot execute request on any known server stacktrace = com.netflix.discovery.shared.transport.TransportException: Cannot execute request on any known server
	at com.netflix.discovery.shared.transport.decorator.RetryableEurekaHttpClient.execute(RetryableEurekaHttpClient.java:112)
	at com.netflix.discovery.shared.transport.decorator.EurekaHttpClientDecorator.getDelta(EurekaHttpClientDecorator.java:149)
	at com.netflix.discovery.shared.transport.decorator.EurekaHttpClientDecorator$7.execute(EurekaHttpClientDecorator.java:152)
	at com.netflix.discovery.shared.transport.decorator.SessionedEurekaHttpClient.execute(SessionedEurekaHttpClient.java:77)
	at com.netflix.discovery.shared.transport.decorator.EurekaHttpClientDecorator.getDelta(EurekaHttpClientDecorator.java:149)
	at com.netflix.discovery.DiscoveryClient.getAndUpdateDelta(DiscoveryClient.java:1079)
	at com.netflix.discovery.DiscoveryClient.fetchRegistry(DiscoveryClient.java:960)
	at com.netflix.discovery.DiscoveryClient.refreshRegistry(DiscoveryClient.java:1475)
	at com.netflix.discovery.DiscoveryClient$CacheRefreshThread.run(DiscoveryClient.java:1442)
	at java.base/java.util.concurrent.Executors$RunnableAdapter.call(Executors.java:545)
	at java.base/java.util.concurrent.FutureTask.run(FutureTask.java:328)
	at java.base/java.util.concurrent.ThreadPoolExecutor.runWorker(ThreadPoolExecutor.java:1090)
	at java.base/java.util.concurrent.ThreadPoolExecutor$Worker.run(ThreadPoolExecutor.java:614)
	at java.base/java.lang.Thread.run(Thread.java:1474)

2026-05-30 10:40:25 [DiscoveryClient-HeartbeatExecutor-0] INFO  c.n.d.s.t.d.RedirectingEurekaHttpClient - Request execution error. endpoint=DefaultEndpoint{ serviceUrl='http://localhost:8761/eureka/}, exception=Connection pool shut down stacktrace=java.lang.IllegalStateException: Connection pool shut down
	at org.apache.hc.core5.util.Asserts.check(Asserts.java:38)
	at org.apache.hc.core5.pool.StrictConnPool.lease(StrictConnPool.java:176)
	at org.apache.hc.client5.http.impl.io.PoolingHttpClientConnectionManager.lease(PoolingHttpClientConnectionManager.java:298)
	at org.apache.hc.client5.http.impl.classic.InternalExecRuntime.acquireEndpoint(InternalExecRuntime.java:103)
	at org.apache.hc.client5.http.impl.classic.ConnectExec.execute(ConnectExec.java:125)
	at org.apache.hc.client5.http.impl.classic.ExecChainElement.execute(ExecChainElement.java:51)
	at org.apache.hc.client5.http.impl.classic.ProtocolExec.execute(ProtocolExec.java:192)
	at org.apache.hc.client5.http.impl.classic.ExecChainElement.execute(ExecChainElement.java:51)
	at org.apache.hc.client5.http.impl.classic.HttpRequestRetryExec.execute(HttpRequestRetryExec.java:96)
	at org.apache.hc.client5.http.impl.classic.ExecChainElement.execute(ExecChainElement.java:51)
	at org.apache.hc.client5.http.impl.classic.ContentCompressionExec.execute(ContentCompressionExec.java:152)
	at org.apache.hc.client5.http.impl.classic.ExecChainElement.execute(ExecChainElement.java:51)
	at org.apache.hc.client5.http.impl.classic.RedirectExec.execute(RedirectExec.java:115)
	at org.apache.hc.client5.http.impl.classic.ExecChainElement.execute(ExecChainElement.java:51)
	at org.apache.hc.client5.http.impl.classic.InternalHttpClient.doExecute(InternalHttpClient.java:170)
	at org.apache.hc.client5.http.impl.classic.CloseableHttpClient.execute(CloseableHttpClient.java:87)
	at org.apache.hc.client5.http.impl.classic.CloseableHttpClient.execute(CloseableHttpClient.java:55)
	at org.apache.hc.client5.http.classic.HttpClient.executeOpen(HttpClient.java:183)
	at org.springframework.http.client.HttpComponentsClientHttpRequest.executeInternal(HttpComponentsClientHttpRequest.java:95)
	at org.springframework.http.client.AbstractStreamingClientHttpRequest.executeInternal(AbstractStreamingClientHttpRequest.java:70)
	at org.springframework.http.client.AbstractClientHttpRequest.execute(AbstractClientHttpRequest.java:66)
	at org.springframework.http.client.InterceptingClientHttpRequest$InterceptingRequestExecution.execute(InterceptingClientHttpRequest.java:112)
	at org.springframework.cloud.netflix.eureka.http.RestTemplateTransportClientFactory.lambda$restTemplate$0(RestTemplateTransportClientFactory.java:143)
	at org.springframework.http.client.InterceptingClientHttpRequest$InterceptingRequestExecution.execute(InterceptingClientHttpRequest.java:88)
	at org.springframework.http.client.InterceptingClientHttpRequest.executeInternal(InterceptingClientHttpRequest.java:72)
	at org.springframework.http.client.AbstractBufferingClientHttpRequest.executeInternal(AbstractBufferingClientHttpRequest.java:48)
	at org.springframework.http.client.AbstractClientHttpRequest.execute(AbstractClientHttpRequest.java:66)
	at org.springframework.web.client.RestTemplate.doExecute(RestTemplate.java:889)
	at org.springframework.web.client.RestTemplate.execute(RestTemplate.java:790)
	at org.springframework.web.client.RestTemplate.exchange(RestTemplate.java:672)
	at org.springframework.cloud.netflix.eureka.http.RestTemplateEurekaHttpClient.sendHeartBeat(RestTemplateEurekaHttpClient.java:99)
	at com.netflix.discovery.shared.transport.decorator.EurekaHttpClientDecorator$3.execute(EurekaHttpClientDecorator.java:92)
	at com.netflix.discovery.shared.transport.decorator.RedirectingEurekaHttpClient.executeOnNewServer(RedirectingEurekaHttpClient.java:121)
	at com.netflix.discovery.shared.transport.decorator.RedirectingEurekaHttpClient.execute(RedirectingEurekaHttpClient.java:80)
	at com.netflix.discovery.shared.transport.decorator.EurekaHttpClientDecorator.sendHeartBeat(EurekaHttpClientDecorator.java:89)
	at com.netflix.discovery.shared.transport.decorator.EurekaHttpClientDecorator$3.execute(EurekaHttpClientDecorator.java:92)
	at com.netflix.discovery.shared.transport.decorator.RetryableEurekaHttpClient.execute(RetryableEurekaHttpClient.java:120)
	at com.netflix.discovery.shared.transport.decorator.EurekaHttpClientDecorator.sendHeartBeat(EurekaHttpClientDecorator.java:89)
	at com.netflix.discovery.shared.transport.decorator.EurekaHttpClientDecorator$3.execute(EurekaHttpClientDecorator.java:92)
	at com.netflix.discovery.shared.transport.decorator.SessionedEurekaHttpClient.execute(SessionedEurekaHttpClient.java:77)
	at com.netflix.discovery.shared.transport.decorator.EurekaHttpClientDecorator.sendHeartBeat(EurekaHttpClientDecorator.java:89)
	at com.netflix.discovery.DiscoveryClient.renew(DiscoveryClient.java:837)
	at com.netflix.discovery.DiscoveryClient$HeartbeatThread.run(DiscoveryClient.java:1401)
	at java.base/java.util.concurrent.Executors$RunnableAdapter.call(Executors.java:545)
	at java.base/java.util.concurrent.FutureTask.run(FutureTask.java:328)
	at java.base/java.util.concurrent.ThreadPoolExecutor.runWorker(ThreadPoolExecutor.java:1090)
	at java.base/java.util.concurrent.ThreadPoolExecutor$Worker.run(ThreadPoolExecutor.java:614)
	at java.base/java.lang.Thread.run(Thread.java:1474)

2026-05-30 10:40:25 [DiscoveryClient-HeartbeatExecutor-0] WARN  c.n.d.s.t.d.RetryableEurekaHttpClient - Request execution failed with message: Connection pool shut down
2026-05-30 10:40:25 [DiscoveryClient-HeartbeatExecutor-0] ERROR c.netflix.discovery.DiscoveryClient - DiscoveryClient_API-GATEWAY/Gujjar.mshome.net:api-gateway:8080 - was unable to send heartbeat!
com.netflix.discovery.shared.transport.TransportException: Cannot execute request on any known server
	at com.netflix.discovery.shared.transport.decorator.RetryableEurekaHttpClient.execute(RetryableEurekaHttpClient.java:112)
	at com.netflix.discovery.shared.transport.decorator.EurekaHttpClientDecorator.sendHeartBeat(EurekaHttpClientDecorator.java:89)
	at com.netflix.discovery.shared.transport.decorator.EurekaHttpClientDecorator$3.execute(EurekaHttpClientDecorator.java:92)
	at com.netflix.discovery.shared.transport.decorator.SessionedEurekaHttpClient.execute(SessionedEurekaHttpClient.java:77)
	at com.netflix.discovery.shared.transport.decorator.EurekaHttpClientDecorator.sendHeartBeat(EurekaHttpClientDecorator.java:89)
	at com.netflix.discovery.DiscoveryClient.renew(DiscoveryClient.java:837)
	at com.netflix.discovery.DiscoveryClient$HeartbeatThread.run(DiscoveryClient.java:1401)
	at java.base/java.util.concurrent.Executors$RunnableAdapter.call(Executors.java:545)
	at java.base/java.util.concurrent.FutureTask.run(FutureTask.java:328)
	at java.base/java.util.concurrent.ThreadPoolExecutor.runWorker(ThreadPoolExecutor.java:1090)
	at java.base/java.util.concurrent.ThreadPoolExecutor$Worker.run(ThreadPoolExecutor.java:614)
	at java.base/java.lang.Thread.run(Thread.java:1474)
2026-05-30 10:40:26 [RMI TCP Connection(152)-127.0.0.1] INFO  c.netflix.discovery.DiscoveryClient - Shutting down DiscoveryClient ...
2026-05-30 10:40:29 [RMI TCP Connection(152)-127.0.0.1] INFO  c.netflix.discovery.DiscoveryClient - Unregistering ...
2026-05-30 10:40:29 [RMI TCP Connection(152)-127.0.0.1] INFO  c.n.d.s.t.d.RedirectingEurekaHttpClient - Request execution error. endpoint=DefaultEndpoint{ serviceUrl='http://localhost:8761/eureka/}, exception=Connection pool shut down stacktrace=java.lang.IllegalStateException: Connection pool shut down
	at org.apache.hc.core5.util.Asserts.check(Asserts.java:38)
	at org.apache.hc.core5.pool.StrictConnPool.lease(StrictConnPool.java:176)
	at org.apache.hc.client5.http.impl.io.PoolingHttpClientConnectionManager.lease(PoolingHttpClientConnectionManager.java:298)
	at org.apache.hc.client5.http.impl.classic.InternalExecRuntime.acquireEndpoint(InternalExecRuntime.java:103)
	at org.apache.hc.client5.http.impl.classic.ConnectExec.execute(ConnectExec.java:125)
	at org.apache.hc.client5.http.impl.classic.ExecChainElement.execute(ExecChainElement.java:51)
	at org.apache.hc.client5.http.impl.classic.ProtocolExec.execute(ProtocolExec.java:192)
	at org.apache.hc.client5.http.impl.classic.ExecChainElement.execute(ExecChainElement.java:51)
	at org.apache.hc.client5.http.impl.classic.HttpRequestRetryExec.execute(HttpRequestRetryExec.java:96)
	at org.apache.hc.client5.http.impl.classic.ExecChainElement.execute(ExecChainElement.java:51)
	at org.apache.hc.client5.http.impl.classic.ContentCompressionExec.execute(ContentCompressionExec.java:152)
	at org.apache.hc.client5.http.impl.classic.ExecChainElement.execute(ExecChainElement.java:51)
	at org.apache.hc.client5.http.impl.classic.RedirectExec.execute(RedirectExec.java:115)
	at org.apache.hc.client5.http.impl.classic.ExecChainElement.execute(ExecChainElement.java:51)
	at org.apache.hc.client5.http.impl.classic.InternalHttpClient.doExecute(InternalHttpClient.java:170)
	at org.apache.hc.client5.http.impl.classic.CloseableHttpClient.execute(CloseableHttpClient.java:87)
	at org.apache.hc.client5.http.impl.classic.CloseableHttpClient.execute(CloseableHttpClient.java:55)
	at org.apache.hc.client5.http.classic.HttpClient.executeOpen(HttpClient.java:183)
	at org.springframework.http.client.HttpComponentsClientHttpRequest.executeInternal(HttpComponentsClientHttpRequest.java:95)
	at org.springframework.http.client.AbstractStreamingClientHttpRequest.executeInternal(AbstractStreamingClientHttpRequest.java:70)
	at org.springframework.http.client.AbstractClientHttpRequest.execute(AbstractClientHttpRequest.java:66)
	at org.springframework.http.client.InterceptingClientHttpRequest$InterceptingRequestExecution.execute(InterceptingClientHttpRequest.java:112)
	at org.springframework.cloud.netflix.eureka.http.RestTemplateTransportClientFactory.lambda$restTemplate$0(RestTemplateTransportClientFactory.java:143)
	at org.springframework.http.client.InterceptingClientHttpRequest$InterceptingRequestExecution.execute(InterceptingClientHttpRequest.java:88)
	at org.springframework.http.client.InterceptingClientHttpRequest.executeInternal(InterceptingClientHttpRequest.java:72)
	at org.springframework.http.client.AbstractBufferingClientHttpRequest.executeInternal(AbstractBufferingClientHttpRequest.java:48)
	at org.springframework.http.client.AbstractClientHttpRequest.execute(AbstractClientHttpRequest.java:66)
	at org.springframework.web.client.RestTemplate.doExecute(RestTemplate.java:889)
	at org.springframework.web.client.RestTemplate.execute(RestTemplate.java:790)
	at org.springframework.web.client.RestTemplate.exchange(RestTemplate.java:672)
	at org.springframework.cloud.netflix.eureka.http.RestTemplateEurekaHttpClient.cancel(RestTemplateEurekaHttpClient.java:87)
	at com.netflix.discovery.shared.transport.decorator.EurekaHttpClientDecorator$2.execute(EurekaHttpClientDecorator.java:74)
	at com.netflix.discovery.shared.transport.decorator.RedirectingEurekaHttpClient.executeOnNewServer(RedirectingEurekaHttpClient.java:121)
	at com.netflix.discovery.shared.transport.decorator.RedirectingEurekaHttpClient.execute(RedirectingEurekaHttpClient.java:80)
	at com.netflix.discovery.shared.transport.decorator.EurekaHttpClientDecorator.cancel(EurekaHttpClientDecorator.java:71)
	at com.netflix.discovery.shared.transport.decorator.EurekaHttpClientDecorator$2.execute(EurekaHttpClientDecorator.java:74)
	at com.netflix.discovery.shared.transport.decorator.RetryableEurekaHttpClient.execute(RetryableEurekaHttpClient.java:120)
	at com.netflix.discovery.shared.transport.decorator.EurekaHttpClientDecorator.cancel(EurekaHttpClientDecorator.java:71)
	at com.netflix.discovery.shared.transport.decorator.EurekaHttpClientDecorator$2.execute(EurekaHttpClientDecorator.java:74)
	at com.netflix.discovery.shared.transport.decorator.SessionedEurekaHttpClient.execute(SessionedEurekaHttpClient.java:77)
	at com.netflix.discovery.shared.transport.decorator.EurekaHttpClientDecorator.cancel(EurekaHttpClientDecorator.java:71)
	at com.netflix.discovery.DiscoveryClient.unregister(DiscoveryClient.java:916)
	at com.netflix.discovery.DiscoveryClient.shutdown(DiscoveryClient.java:892)
	at java.base/jdk.internal.reflect.DirectMethodHandleAccessor.invoke(DirectMethodHandleAccessor.java:104)
	at java.base/java.lang.reflect.Method.invoke(Method.java:565)
	at org.springframework.beans.factory.annotation.InitDestroyAnnotationBeanPostProcessor$LifecycleMethod.invoke(InitDestroyAnnotationBeanPostProcessor.java:457)
	at org.springframework.beans.factory.annotation.InitDestroyAnnotationBeanPostProcessor$LifecycleMetadata.invokeDestroyMethods(InitDestroyAnnotationBeanPostProcessor.java:415)
	at org.springframework.beans.factory.annotation.InitDestroyAnnotationBeanPostProcessor.postProcessBeforeDestruction(InitDestroyAnnotationBeanPostProcessor.java:239)
	at org.springframework.beans.factory.support.DisposableBeanAdapter.destroy(DisposableBeanAdapter.java:202)
	at org.springframework.beans.factory.support.DisposableBeanAdapter.run(DisposableBeanAdapter.java:195)
	at org.springframework.cloud.context.scope.GenericScope$BeanLifecycleWrapper.destroy(GenericScope.java:389)
	at org.springframework.cloud.context.scope.GenericScope.destroy(GenericScope.java:136)
	at org.springframework.beans.factory.support.DisposableBeanAdapter.destroy(DisposableBeanAdapter.java:211)
	at org.springframework.beans.factory.support.DefaultSingletonBeanRegistry.destroyBean(DefaultSingletonBeanRegistry.java:587)
	at org.springframework.beans.factory.support.DefaultSingletonBeanRegistry.destroySingleton(DefaultSingletonBeanRegistry.java:559)
	at org.springframework.beans.factory.support.DefaultListableBeanFactory.destroySingleton(DefaultListableBeanFactory.java:1202)
	at org.springframework.beans.factory.support.DefaultSingletonBeanRegistry.destroySingletons(DefaultSingletonBeanRegistry.java:520)
	at org.springframework.beans.factory.support.DefaultListableBeanFactory.destroySingletons(DefaultListableBeanFactory.java:1195)
	at org.springframework.context.support.AbstractApplicationContext.destroyBeans(AbstractApplicationContext.java:1186)
	at org.springframework.context.support.AbstractApplicationContext.doClose(AbstractApplicationContext.java:1147)
	at org.springframework.boot.web.reactive.context.ReactiveWebServerApplicationContext.doClose(ReactiveWebServerApplicationContext.java:149)
	at org.springframework.context.support.AbstractApplicationContext.close(AbstractApplicationContext.java:1093)
	at org.springframework.boot.admin.SpringApplicationAdminMXBeanRegistrar$SpringApplicationAdmin.shutdown(SpringApplicationAdminMXBeanRegistrar.java:160)
	at java.base/jdk.internal.reflect.DirectMethodHandleAccessor.invoke(DirectMethodHandleAccessor.java:104)
	at java.base/java.lang.reflect.Method.invoke(Method.java:565)
	at sun.reflect.misc.Trampoline.invoke(MethodUtil.java:64)
	at java.base/jdk.internal.reflect.DirectMethodHandleAccessor.invoke(DirectMethodHandleAccessor.java:104)
	at java.base/java.lang.reflect.Method.invoke(Method.java:565)
	at java.base/sun.reflect.misc.MethodUtil.invoke(MethodUtil.java:91)
	at java.management/com.sun.jmx.mbeanserver.ConvertingMethod.invokeWithOpenReturn(ConvertingMethod.java:193)
	at java.management/com.sun.jmx.mbeanserver.ConvertingMethod.invokeWithOpenReturn(ConvertingMethod.java:175)
	at java.management/com.sun.jmx.mbeanserver.MXBeanIntrospector.invokeM2(MXBeanIntrospector.java:115)
	at java.management/com.sun.jmx.mbeanserver.MXBeanIntrospector.invokeM2(MXBeanIntrospector.java:52)
	at java.management/com.sun.jmx.mbeanserver.MBeanIntrospector.invokeM(MBeanIntrospector.java:234)
	at java.management/com.sun.jmx.mbeanserver.PerInterface.invoke(PerInterface.java:135)
	at java.management/com.sun.jmx.mbeanserver.MBeanSupport.invoke(MBeanSupport.java:250)
	at java.management/com.sun.jmx.interceptor.DefaultMBeanServerInterceptor.invoke(DefaultMBeanServerInterceptor.java:628)
	at java.management/com.sun.jmx.mbeanserver.JmxMBeanServer.invoke(JmxMBeanServer.java:790)
	at java.management.rmi/javax.management.remote.rmi.RMIConnectionImpl.doOperationInner(RMIConnectionImpl.java:1401)
	at java.management.rmi/javax.management.remote.rmi.RMIConnectionImpl.doOperation(RMIConnectionImpl.java:1327)
	at java.management.rmi/javax.management.remote.rmi.RMIConnectionImpl.invoke(RMIConnectionImpl.java:790)
	at java.base/jdk.internal.reflect.DirectMethodHandleAccessor.invoke(DirectMethodHandleAccessor.java:104)
	at java.base/java.lang.reflect.Method.invoke(Method.java:565)
	at java.rmi/sun.rmi.server.UnicastServerRef.dispatch(UnicastServerRef.java:351)
	at java.rmi/sun.rmi.transport.Transport.serviceCall(Transport.java:166)
	at java.rmi/sun.rmi.transport.tcp.TCPTransport.handleMessages(TCPTransport.java:543)
	at java.rmi/sun.rmi.transport.tcp.TCPTransport$ConnectionHandler.run0(TCPTransport.java:744)
	at java.rmi/sun.rmi.transport.tcp.TCPTransport$ConnectionHandler.run(TCPTransport.java:623)
	at java.base/java.util.concurrent.ThreadPoolExecutor.runWorker(ThreadPoolExecutor.java:1090)
	at java.base/java.util.concurrent.ThreadPoolExecutor$Worker.run(ThreadPoolExecutor.java:614)
	at java.base/java.lang.Thread.run(Thread.java:1474)

2026-05-30 10:40:29 [RMI TCP Connection(152)-127.0.0.1] WARN  c.n.d.s.t.d.RetryableEurekaHttpClient - Request execution failed with message: Connection pool shut down
2026-05-30 10:40:29 [RMI TCP Connection(152)-127.0.0.1] ERROR c.netflix.discovery.DiscoveryClient - DiscoveryClient_API-GATEWAY/Gujjar.mshome.net:api-gateway:8080 - de-registration failedCannot execute request on any known server
com.netflix.discovery.shared.transport.TransportException: Cannot execute request on any known server
	at com.netflix.discovery.shared.transport.decorator.RetryableEurekaHttpClient.execute(RetryableEurekaHttpClient.java:112)
	at com.netflix.discovery.shared.transport.decorator.EurekaHttpClientDecorator.cancel(EurekaHttpClientDecorator.java:71)
	at com.netflix.discovery.shared.transport.decorator.EurekaHttpClientDecorator$2.execute(EurekaHttpClientDecorator.java:74)
	at com.netflix.discovery.shared.transport.decorator.SessionedEurekaHttpClient.execute(SessionedEurekaHttpClient.java:77)
	at com.netflix.discovery.shared.transport.decorator.EurekaHttpClientDecorator.cancel(EurekaHttpClientDecorator.java:71)
	at com.netflix.discovery.DiscoveryClient.unregister(DiscoveryClient.java:916)
	at com.netflix.discovery.DiscoveryClient.shutdown(DiscoveryClient.java:892)
	at java.base/jdk.internal.reflect.DirectMethodHandleAccessor.invoke(DirectMethodHandleAccessor.java:104)
	at java.base/java.lang.reflect.Method.invoke(Method.java:565)
	at org.springframework.beans.factory.annotation.InitDestroyAnnotationBeanPostProcessor$LifecycleMethod.invoke(InitDestroyAnnotationBeanPostProcessor.java:457)
	at org.springframework.beans.factory.annotation.InitDestroyAnnotationBeanPostProcessor$LifecycleMetadata.invokeDestroyMethods(InitDestroyAnnotationBeanPostProcessor.java:415)
	at org.springframework.beans.factory.annotation.InitDestroyAnnotationBeanPostProcessor.postProcessBeforeDestruction(InitDestroyAnnotationBeanPostProcessor.java:239)
	at org.springframework.beans.factory.support.DisposableBeanAdapter.destroy(DisposableBeanAdapter.java:202)
	at org.springframework.beans.factory.support.DisposableBeanAdapter.run(DisposableBeanAdapter.java:195)
	at org.springframework.cloud.context.scope.GenericScope$BeanLifecycleWrapper.destroy(GenericScope.java:389)
	at org.springframework.cloud.context.scope.GenericScope.destroy(GenericScope.java:136)
	at org.springframework.beans.factory.support.DisposableBeanAdapter.destroy(DisposableBeanAdapter.java:211)
	at org.springframework.beans.factory.support.DefaultSingletonBeanRegistry.destroyBean(DefaultSingletonBeanRegistry.java:587)
	at org.springframework.beans.factory.support.DefaultSingletonBeanRegistry.destroySingleton(DefaultSingletonBeanRegistry.java:559)
	at org.springframework.beans.factory.support.DefaultListableBeanFactory.destroySingleton(DefaultListableBeanFactory.java:1202)
	at org.springframework.beans.factory.support.DefaultSingletonBeanRegistry.destroySingletons(DefaultSingletonBeanRegistry.java:520)
	at org.springframework.beans.factory.support.DefaultListableBeanFactory.destroySingletons(DefaultListableBeanFactory.java:1195)
	at org.springframework.context.support.AbstractApplicationContext.destroyBeans(AbstractApplicationContext.java:1186)
	at org.springframework.context.support.AbstractApplicationContext.doClose(AbstractApplicationContext.java:1147)
	at org.springframework.boot.web.reactive.context.ReactiveWebServerApplicationContext.doClose(ReactiveWebServerApplicationContext.java:149)
	at org.springframework.context.support.AbstractApplicationContext.close(AbstractApplicationContext.java:1093)
	at org.springframework.boot.admin.SpringApplicationAdminMXBeanRegistrar$SpringApplicationAdmin.shutdown(SpringApplicationAdminMXBeanRegistrar.java:160)
	at java.base/jdk.internal.reflect.DirectMethodHandleAccessor.invoke(DirectMethodHandleAccessor.java:104)
	at java.base/java.lang.reflect.Method.invoke(Method.java:565)
	at sun.reflect.misc.Trampoline.invoke(MethodUtil.java:64)
	at java.base/jdk.internal.reflect.DirectMethodHandleAccessor.invoke(DirectMethodHandleAccessor.java:104)
	at java.base/java.lang.reflect.Method.invoke(Method.java:565)
	at java.base/sun.reflect.misc.MethodUtil.invoke(MethodUtil.java:91)
	at java.management/com.sun.jmx.mbeanserver.ConvertingMethod.invokeWithOpenReturn(ConvertingMethod.java:193)
	at java.management/com.sun.jmx.mbeanserver.ConvertingMethod.invokeWithOpenReturn(ConvertingMethod.java:175)
	at java.management/com.sun.jmx.mbeanserver.MXBeanIntrospector.invokeM2(MXBeanIntrospector.java:115)
	at java.management/com.sun.jmx.mbeanserver.MXBeanIntrospector.invokeM2(MXBeanIntrospector.java:52)
	at java.management/com.sun.jmx.mbeanserver.MBeanIntrospector.invokeM(MBeanIntrospector.java:234)
	at java.management/com.sun.jmx.mbeanserver.PerInterface.invoke(PerInterface.java:135)
	at java.management/com.sun.jmx.mbeanserver.MBeanSupport.invoke(MBeanSupport.java:250)
	at java.management/com.sun.jmx.interceptor.DefaultMBeanServerInterceptor.invoke(DefaultMBeanServerInterceptor.java:628)
	at java.management/com.sun.jmx.mbeanserver.JmxMBeanServer.invoke(JmxMBeanServer.java:790)
	at java.management.rmi/javax.management.remote.rmi.RMIConnectionImpl.doOperationInner(RMIConnectionImpl.java:1401)
	at java.management.rmi/javax.management.remote.rmi.RMIConnectionImpl.doOperation(RMIConnectionImpl.java:1327)
	at java.management.rmi/javax.management.remote.rmi.RMIConnectionImpl.invoke(RMIConnectionImpl.java:790)
	at java.base/jdk.internal.reflect.DirectMethodHandleAccessor.invoke(DirectMethodHandleAccessor.java:104)
	at java.base/java.lang.reflect.Method.invoke(Method.java:565)
	at java.rmi/sun.rmi.server.UnicastServerRef.dispatch(UnicastServerRef.java:351)
	at java.rmi/sun.rmi.transport.Transport.serviceCall(Transport.java:166)
	at java.rmi/sun.rmi.transport.tcp.TCPTransport.handleMessages(TCPTransport.java:543)
	at java.rmi/sun.rmi.transport.tcp.TCPTransport$ConnectionHandler.run0(TCPTransport.java:744)
	at java.rmi/sun.rmi.transport.tcp.TCPTransport$ConnectionHandler.run(TCPTransport.java:623)
	at java.base/java.util.concurrent.ThreadPoolExecutor.runWorker(ThreadPoolExecutor.java:1090)
	at java.base/java.util.concurrent.ThreadPoolExecutor$Worker.run(ThreadPoolExecutor.java:614)
	at java.base/java.lang.Thread.run(Thread.java:1474)
2026-05-30 10:40:29 [RMI TCP Connection(152)-127.0.0.1] INFO  c.netflix.discovery.DiscoveryClient - Completed shut down of DiscoveryClient
